0,0,0,False,False,False,0,0,False,False,False,0,0,False,False,False,0,0,False,False,False,0,0,False,False,False,0,0,False,False,False,0,0,False,False,False,0,0,False,False,False,0,0,False,False,False,0,0,False,False,False,0,0,False,False,False,0,0,False,False,False,0,0,False,False,False,0,0,False,False,False,0,0,False,False,False,0,0,False,False,False,251,0,0,0,0,0,0
1,4982056,71311,True,False,False,4982056,71313,False,True,False,4982057,71312,False,True,False,0,0,False,False,False,0,0,False,False,False,0,0,False,False,False,0,0,False,False,False,0,0,False,False,False,0,0,False,False,False,0,0,False,False,False,0,0,False,False,False,0,0,False,False,False,0,0,False,False,False,0,0,False,False,False,0,0,False,False,False,0,0,False,False,False,251,0,279,280,281,1,3
2,4982056,71311,True,False,False,4982056,71313,False,True,False,4982057,71312,False,True,False,0,0,False,False,False,0,0,False,False,False,0,0,False,False,False,0,0,False,False,False,0,0,False,False,False,0,0,False,False,False,0,0,False,False,False,0,0,False,False,False,0,0,False,False,False,0,0,False,False,False,0,0,False,False,False,0,0,False,False,False,0,0,False,False,False,251,0,279,280,281,1,3
3,4982026,71311,True,False,False,0,0,False,False,False,0,0,False,False,False,0,0,False,False,False,0,0,False,False,False,0,0,False,False,False,0,0,False,False,False,0,0,False,False,False,0,0,False,False,False,0,0,False,False,False,0,0,False,False,False,0,0,False,False,False,0,0,False,False,False,0,0,False,False,False,0,0,False,False,False,0,0,False,False,False,251,0,279,280,281,2,1
4,4981827,71311,True,False,False,4981996,71312,False,True,False,4981997,71312,False,True,False,4981998,71312,False,True,False,4981999,71312,False,True,False,4982000,71312,False,True,False,4982001,71312,False,True,False,4982002,71312,False,True,False,0,0,False,False,False,0,0,False,False,False,0,0,False,False,False,0,0,False,False,False,0,0,False,False,False,0,0,False,False,False,0,0,False,False,False,0,0,False,False,False,251,0,279,280,281,3,1
5,5126495,71311,True,False,False,0,0,False,False,False,0,0,False,False,False,0,0,False,False,False,0,0,False,False,False,0,0,False,False,False,0,0,False,False,False,0,0,False,False,False,0,0,False,False,False,0,0,False,False,False,0,0,False,False,False,0,0,False,False,False,0,0,False,False,False,0,0,False,False,False,0,0,False,False,False,0,0,False,False,False,251,0,279,280,281,5,2
6,5127365,71311,True,False,False,0,0,False,False,False,0,0,False,False,False,0,0,False,False,False,0,0,False,False,False,0,0,False,False,False,0,0,False,False,False,0,0,False,False,False,0,0,False,False,False,0,0,False,False,False,0,0,False,False,False,0,0,False,False,False,0,0,False,False,False,0,0,False,False,False,0,0,False,False,False,0,0,False,False,False,251,0,279,280,281,4,2
7,4982056,71311,True,False,False,4982056,71313,False,True,False,4982057,71312,False,True,False,0,0,False,False,False,0,0,False,False,False,0,0,False,False,False,0,0,False,False,False,0,0,False,False,False,0,0,False,False,False,0,0,False,False,False,0,0,False,False,False,0,0,False,False,False,0,0,False,False,False,0,0,False,False,False,0,0,False,False,False,0,0,False,False,False,251,0,279,280,281,1,3
8,4982056,71311,True,False,False,4982056,71313,False,True,False,4982057,71312,False,True,False,0,0,False,False,False,0,0,False,False,False,0,0,False,False,False,0,0,False,False,False,0,0,False,False,False,0,0,False,False,False,0,0,False,False,False,0,0,False,False,False,0,0,False,False,False,0,0,False,False,False,0,0,False,False,False,0,0,False,False,False,0,0,False,False,False,251,0,279,280,281,1,3
9,4982056,71311,True,False,False,4982056,71313,False,True,False,4982057,71312,False,True,False,0,0,False,False,False,0,0,False,False,False,0,0,False,False,False,0,0,False,False,False,0,0,False,False,False,0,0,False,False,False,0,0,False,False,False,0,0,False,False,False,0,0,False,False,False,0,0,False,False,False,0,0,False,False,False,0,0,False,False,False,0,0,False,False,False,251,0,279,280,281,1,3
10,4982056,71311,True,False,False,4982056,71313,False,True,False,4982057,71312,False,True,False,0,0,False,False,False,0,0,False,False,False,0,0,False,False,False,0,0,False,False,False,0,0,False,False,False,0,0,False,False,False,0,0,False,False,False,0,0,False,False,False,0,0,False,False,False,0,0,False,False,False,0,0,False,False,False,0,0,False,False,False,0,0,False,False,False,251,0,279,280,281,1,3
11,4982056,71311,True,False,False,4982056,71313,False,True,False,4982057,71312,False,True,False,0,0,False,False,False,0,0,False,False,False,0,0,False,False,False,0,0,False,False,False,0,0,False,False,False,0,0,False,False,False,0,0,False,False,False,0,0,False,False,False,0,0,False,False,False,0,0,False,False,False,0,0,False,False,False,0,0,False,False,False,0,0,False,False,False,251,0,279,280,281,1,3
12,4982059,71311,True,False,False,4982059,71313,False,True,False,4982058,71312,False,True,False,0,0,False,False,False,0,0,False,False,False,0,0,False,False,False,0,0,False,False,False,0,0,False,False,False,0,0,False,False,False,0,0,False,False,False,0,0,False,False,False,0,0,False,False,False,0,0,False,False,False,0,0,False,False,False,0,0,False,False,False,0,0,False,False,False,251,0,279,280,281,1,1
13,4982059,71311,True,False,False,4982059,71313,False,True,False,4982058,71312,False,True,False,0,0,False,False,False,0,0,False,False,False,0,0,False,False,False,0,0,False,False,False,0,0,False,False,False,0,0,False,False,False,0,0,False,False,False,0,0,False,False,False,0,0,False,False,False,0,0,False,False,False,0,0,False,False,False,0,0,False,False,False,0,0,False,False,False,251,0,279,280,281,1,1
14,4982059,71311,True,False,False,4982059,71313,False,True,False,4982058,71312,False,True,False,0,0,False,False,False,0,0,False,False,False,0,0,False,False,False,0,0,False,False,False,0,0,False,False,False,0,0,False,False,False,0,0,False,False,False,0,0,False,False,False,0,0,False,False,False,0,0,False,False,False,0,0,False,False,False,0,0,False,False,False,0,0,False,False,False,251,0,279,280,281,1,1
15,4982059,71311,True,False,False,4982059,71313,False,True,False,4982058,71312,False,True,False,0,0,False,False,False,0,0,False,False,False,0,0,False,False,False,0,0,False,False,False,0,0,False,False,False,0,0,False,False,False,0,0,False,False,False,0,0,False,False,False,0,0,False,False,False,0,0,False,False,False,0,0,False,False,False,0,0,False,False,False,0,0,False,False,False,251,0,279,280,281,1,1
16,4982059,71311,True,False,False,4982059,71313,False,True,False,4982058,71312,False,True,False,0,0,False,False,False,0,0,False,False,False,0,0,False,False,False,0,0,False,False,False,0,0,False,False,False,0,0,False,False,False,0,0,False,False,False,0,0,False,False,False,0,0,False,False,False,0,0,False,False,False,0,0,False,False,False,0,0,False,False,False,0,0,False,False,False,251,0,279,280,281,1,1
17,4982059,71311,True,False,False,4982059,71313,False,True,False,4982058,71312,False,True,False,0,0,False,False,False,0,0,False,False,False,0,0,False,False,False,0,0,False,False,False,0,0,False,False,False,0,0,False,False,False,0,0,False,False,False,0,0,False,False,False,0,0,False,False,False,0,0,False,False,False,0,0,False,False,False,0,0,False,False,False,0,0,False,False,False,251,0,279,280,281,1,1
18,4982059,71311,True,False,False,4982059,71313,False,True,False,4982058,71312,False,True,False,0,0,False,False,False,0,0,False,False,False,0,0,False,False,False,0,0,False,False,False,0,0,False,False,False,0,0,False,False,False,0,0,False,False,False,0,0,False,False,False,0,0,False,False,False,0,0,False,False,False,0,0,False,False,False,0,0,False,False,False,0,0,False,False,False,251,0,279,280,281,1,1
19,5126495,71311,True,False,False,5126495,71313,False,True,False,0,0,False,False,False,0,0,False,False,False,0,0,False,False,False,0,0,False,False,False,0,0,False,False,False,0,0,False,False,False,0,0,False,False,False,0,0,False,False,False,0,0,False,False,False,0,0,False,False,False,0,0,False,False,False,0,0,False,False,False,0,0,False,False,False,0,0,False,False,False,251,0,279,280,281,5,2
20,4982026,71311,True,False,False,4982026,71313,False,True,False,5584138,71312,False,True,False,5582186,71312,False,True,False,5584063,71312,False,True,False,0,0,False,False,False,0,0,False,False,False,0,0,False,False,False,0,0,False,False,False,0,0,False,False,False,0,0,False,False,False,0,0,False,False,False,0,0,False,False,False,0,0,False,False,False,0,0,False,False,False,0,0,False,False,False,251,0,279,280,281,2,3
21,4982026,71311,True,False,False,4982026,71313,False,True,False,5584138,71312,False,True,False,5582186,71312,False,True,False,5584063,71312,False,True,False,0,0,False,False,False,0,0,False,False,False,0,0,False,False,False,0,0,False,False,False,0,0,False,False,False,0,0,False,False,False,0,0,False,False,False,0,0,False,False,False,0,0,False,False,False,0,0,False,False,False,0,0,False,False,False,251,0,279,280,281,2,3
22,4982026,71311,True,False,False,4982026,71313,False,True,False,5584138,71312,False,True,False,5582186,71312,False,True,False,5584063,71312,False,True,False,0,0,False,False,False,0,0,False,False,False,0,0,False,False,False,0,0,False,False,False,0,0,False,False,False,0,0,False,False,False,0,0,False,False,False,0,0,False,False,False,0,0,False,False,False,0,0,False,False,False,0,0,False,False,False,251,0,279,280,281,2,3
23,4981827,71311,True,False,False,4981996,71312,False,True,False,4981997,71312,False,True,False,4981998,71312,False,True,False,4981999,71312,False,True,False,4982000,71312,False,True,False,4982001,71312,False,True,False,4982002,71312,False,True,False,4982006,71312,False,True,False,4982008,71312,False,True,False,4981827,71313,False,True,False,0,0,False,False,False,0,0,False,False,False,0,0,False,False,False,0,0,False,False,False,0,0,False,False,False,251,0,279,280,281,3,1
24,4981827,71311,True,False,False,4981996,71312,False,True,False,4981997,71312,False,True,False,4981998,71312,False,True,False,4981999,71312,False,True,False,4982000,71312,False,True,False,4982001,71312,False,True,False,4982002,71312,False,True,False,4982006,71312,False,True,False,4982008,71312,False,True,False,4981827,71313,False,True,False,0,0,False,False,False,0,0,False,False,False,0,0,False,False,False,0,0,False,False,False,0,0,False,False,False,251,0,279,280,281,3,1
25,4981827,71311,True,False,False,4981996,71312,False,True,False,4981997,71312,False,True,False,4981998,71312,False,True,False,4981999,71312,False,True,False,4982000,71312,False,True,False,4982001,71312,False,True,False,4982002,71312,False,True,False,4982006,71312,False,True,False,4982008,71312,False,True,False,4981827,71313,False,True,False,0,0,False,False,False,0,0,False,False,False,0,0,False,False,False,0,0,False,False,False,0,0,False,False,False,251,0,279,280,281,3,1
26,4981827,71311,True,False,False,4981996,71312,False,True,False,4981997,71312,False,True,False,4981998,71312,False,True,False,4981999,71312,False,True,False,4982000,71312,False,True,False,4982001,71312,False,True,False,4982002,71312,False,True,False,4982006,71312,False,True,False,4982008,71312,False,True,False,4981827,71313,False,True,False,0,0,False,False,False,0,0,False,False,False,0,0,False,False,False,0,0,False,False,False,0,0,False,False,False,251,0,279,280,281,3,1
27,4981827,71311,True,False,False,4981996,71312,False,True,False,4981997,71312,False,True,False,4981998,71312,False,True,False,4981999,71312,False,True,False,4982000,71312,False,True,False,4982001,71312,False,True,False,4982002,71312,False,True,False,4982006,71312,False,True,False,4982008,71312,False,True,False,4981827,71313,False,True,False,0,0,False,False,False,0,0,False,False,False,0,0,False,False,False,0,0,False,False,False,0,0,False,False,False,251,0,279,280,281,3,1
28,4981827,71311,True,False,False,4981996,71312,False,True,False,4981997,71312,False,True,False,4981998,71312,False,True,False,4981999,71312,False,True,False,4982000,71312,False,True,False,4982001,71312,False,True,False,4982002,71312,False,True,False,4982006,71312,False,True,False,4982008,71312,False,True,False,4981827,71313,False,True,False,0,0,False,False,False,0,0,False,False,False,0,0,False,False,False,0,0,False,False,False,0,0,False,False,False,251,0,279,280,281,3,1
29,4981827,71311,True,False,False,4981996,71312,False,True,False,4981997,71312,False,True,False,4981998,71312,False,True,False,4981999,71312,False,True,False,4982000,71312,False,True,False,4982001,71312,False,True,False,4982002,71312,False,True,False,4982006,71312,False,True,False,4982008,71312,False,True,False,4981827,71313,False,True,False,0,0,False,False,False,0,0,False,False,False,0,0,False,False,False,0,0,False,False,False,0,0,False,False,False,251,0,279,280,281,3,1
30,4981827,71311,True,False,False,4981996,71312,False,True,False,4981997,71312,False,True,False,4981998,71312,False,True,False,4981999,71312,False,True,False,4982000,71312,False,True,False,4982001,71312,False,True,False,4982002,71312,False,True,False,4982006,71312,False,True,False,4982008,71312,False,True,False,4981827,71313,False,True,False,0,0,False,False,False,0,0,False,False,False,0,0,False,False,False,0,0,False,False,False,0,0,False,False,False,251,0,279,280,281,3,1
31,4981827,71311,True,False,False,4981996,71312,False,True,False,4981997,71312,False,True,False,4981998,71312,False,True,False,4981999,71312,False,True,False,4982000,71312,False,True,False,4982001,71312,False,True,False,4982002,71312,False,True,False,4982006,71312,False,True,False,4982008,71312,False,True,False,4981827,71313,False,True,False,0,0,False,False,False,0,0,False,False,False,0,0,False,False,False,0,0,False,False,False,0,0,False,False,False,251,0,279,280,281,3,1
32,4981827,71311,True,False,False,4981996,71312,False,True,False,4981997,71312,False,True,False,4981998,71312,False,True,False,4981999,71312,False,True,False,4982000,71312,False,True,False,4982001,71312,False,True,False,4982002,71312,False,True,False,4982006,71312,False,True,False,4982008,71312,False,True,False,4981827,71313,False,True,False,0,0,False,False,False,0,0,False,False,False,0,0,False,False,False,0,0,False,False,False,0,0,False,False,False,251,0,279,280,281,3,1
33,4981827,71311,True,False,False,4981996,71312,False,True,False,4981997,71312,False,True,False,4981998,71312,False,True,False,4981999,71312,False,True,False,4982000,71312,False,True,False,4982001,71312,False,True,False,4982002,71312,False,True,False,4982006,71312,False,True,False,4982008,71312,False,True,False,4981827,71313,False,True,False,0,0,False,False,False,0,0,False,False,False,0,0,False,False,False,0,0,False,False,False,0,0,False,False,False,251,0,279,280,281,3,1
34,4981827,71311,True,False,False,4981996,71312,False,True,False,4981997,71312,False,True,False,4981998,71312,False,True,False,4981999,71312,False,True,False,4982000,71312,False,True,False,4982001,71312,False,True,False,4982002,71312,False,True,False,4982006,71312,False,True,False,4982008,71312,False,True,False,4981827,71313,False,True,False,0,0,False,False,False,0,0,False,False,False,0,0,False,False,False,0,0,False,False,False,0,0,False,False,False,251,0,279,280,281,3,1
35,4981827,71311,True,False,False,4981996,71312,False,True,False,4981997,71312,False,True,False,4981998,71312,False,True,False,4981999,71312,False,True,False,4982000,71312,False,True,False,4982001,71312,False,True,False,4982002,71312,False,True,False,4982006,71312,False,True,False,4982008,71312,False,True,False,4981827,71313,False,True,False,0,0,False,False,False,0,0,False,False,False,0,0,False,False,False,0,0,False,False,False,0,0,False,False,False,251,0,279,280,281,3,1
36,4981827,71311,True,False,False,4981996,71312,False,True,False,4981997,71312,False,True,False,4981998,71312,False,True,False,4981999,71312,False,True,False,4982000,71312,False,True,False,4982001,71312,False,True,False,4982002,71312,False,True,False,4982006,71312,False,True,False,4982008,71312,False,True,False,4981827,71313,False,True,False,0,0,False,False,False,0,0,False,False,False,0,0,False,False,False,0,0,False,False,False,0,0,False,False,False,251,0,279,280,281,3,1
37,4981827,71311,True,False,False,4981996,71312,False,True,False,4981997,71312,False,True,False,4981998,71312,False,True,False,4981999,71312,False,True,False,4982000,71312,False,True,False,4982001,71312,False,True,False,4982002,71312,False,True,False,4982006,71312,False,True,False,4982008,71312,False,True,False,4981827,71313,False,True,False,0,0,False,False,False,0,0,False,False,False,0,0,False,False,False,0,0,False,False,False,0,0,False,False,False,251,0,279,280,281,3,1
38,4981827,71311,True,False,False,4981996,71312,False,True,False,4981997,71312,False,True,False,4981998,71312,False,True,False,4981999,71312,False,True,False,4982000,71312,False,True,False,4982001,71312,False,True,False,4982002,71312,False,True,False,4982006,71312,False,True,False,4982008,71312,False,True,False,4981827,71313,False,True,False,0,0,False,False,False,0,0,False,False,False,0,0,False,False,False,0,0,False,False,False,0,0,False,False,False,251,0,279,280,281,3,1
39,4981827,71311,True,False,False,4981996,71312,False,True,False,4981997,71312,False,True,False,4981998,71312,False,True,False,4981999,71312,False,True,False,4982000,71312,False,True,False,4982001,71312,False,True,False,4982002,71312,False,True,False,4982006,71312,False,True,False,4982008,71312,False,True,False,4981827,71313,False,True,False,0,0,False,False,False,0,0,False,False,False,0,0,False,False,False,0,0,False,False,False,0,0,False,False,False,251,0,279,280,281,3,1
40,4981827,71311,True,False,False,4981996,71312,False,True,False,4981997,71312,False,True,False,4981998,71312,False,True,False,4981999,71312,False,True,False,4982000,71312,False,True,False,4982001,71312,False,True,False,4982002,71312,False,True,False,4982006,71312,False,True,False,4982008,71312,False,True,False,4981827,71313,False,True,False,0,0,False,False,False,0,0,False,False,False,0,0,False,False,False,0,0,False,False,False,0,0,False,False,False,251,0,279,280,281,3,1
41,4981827,71311,True,False,False,4981996,71312,False,True,False,4981997,71312,False,True,False,4981998,71312,False,True,False,4981999,71312,False,True,False,4982000,71312,False,True,False,4982001,71312,False,True,False,4982002,71312,False,True,False,4982006,71312,False,True,False,4982008,71312,False,True,False,4981827,71313,False,True,False,0,0,False,False,False,0,0,False,False,False,0,0,False,False,False,0,0,False,False,False,0,0,False,False,False,251,0,279,280,281,3,1
42,4981827,71311,True,False,False,4981996,71312,False,True,False,4981997,71312,False,True,False,4981998,71312,False,True,False,4981999,71312,False,True,False,4982000,71312,False,True,False,4982001,71312,False,True,False,4982002,71312,False,True,False,4982006,71312,False,True,False,4982008,71312,False,True,False,4981827,71313,False,True,False,0,0,False,False,False,0,0,False,False,False,0,0,False,False,False,0,0,False,False,False,0,0,False,False,False,251,0,279,280,281,3,1
43,4981827,71311,True,False,False,4981996,71312,False,True,False,4981997,71312,False,True,False,4981998,71312,False,True,False,4981999,71312,False,True,False,4982000,71312,False,True,False,4982001,71312,False,True,False,4982002,71312,False,True,False,4982006,71312,False,True,False,4982008,71312,False,True,False,4981827,71313,False,True,False,0,0,False,False,False,0,0,False,False,False,0,0,False,False,False,0,0,False,False,False,0,0,False,False,False,251,0,279,280,281,3,1
44,4981827,71311,True,False,False,4981996,71312,False,True,False,4981997,71312,False,True,False,4981998,71312,False,True,False,4981999,71312,False,True,False,4982000,71312,False,True,False,4982001,71312,False,True,False,4982002,71312,False,True,False,4982006,71312,False,True,False,4982008,71312,False,True,False,4981827,71313,False,True,False,0,0,False,False,False,0,0,False,False,False,0,0,False,False,False,0,0,False,False,False,0,0,False,False,False,251,0,279,280,281,3,1
45,4981827,71311,True,False,False,4981996,71312,False,True,False,4981997,71312,False,True,False,4981998,71312,False,True,False,4981999,71312,False,True,False,4982000,71312,False,True,False,4982001,71312,False,True,False,4982002,71312,False,True,False,4982006,71312,False,True,False,4982008,71312,False,True,False,4981827,71313,False,True,False,0,0,False,False,False,0,0,False,False,False,0,0,False,False,False,0,0,False,False,False,0,0,False,False,False,251,0,279,280,281,3,1
46,4981827,71311,True,False,False,4981996,71312,False,True,False,4981997,71312,False,True,False,4981998,71312,False,True,False,4981999,71312,False,True,False,4982000,71312,False,True,False,4982001,71312,False,True,False,4982002,71312,False,True,False,4982006,71312,False,True,False,4982008,71312,False,True,False,4981827,71313,False,True,False,0,0,False,False,False,0,0,False,False,False,0,0,False,False,False,0,0,False,False,False,0,0,False,False,False,251,0,279,280,281,3,1
47,4981827,71311,True,False,False,4981996,71312,False,True,False,4981997,71312,False,True,False,4981998,71312,False,True,False,4981999,71312,False,True,False,4982000,71312,False,True,False,4982001,71312,False,True,False,4982002,71312,False,True,False,4982006,71312,False,True,False,4982008,71312,False,True,False,4981827,71313,False,True,False,0,0,False,False,False,0,0,False,False,False,0,0,False,False,False,0,0,False,False,False,0,0,False,False,False,251,0,279,280,281,3,1
48,4981827,71311,True,False,False,4981996,71312,False,True,False,4981997,71312,False,True,False,4981998,71312,False,True,False,4981999,71312,False,True,False,4982000,71312,False,True,False,4982001,71312,False,True,False,4982002,71312,False,True,False,4982006,71312,False,True,False,4982008,71312,False,True,False,4981827,71313,False,True,False,0,0,False,False,False,0,0,False,False,False,0,0,False,False,False,0,0,False,False,False,0,0,False,False,False,251,0,279,280,281,3,1
49,4981827,71311,True,False,False,4981996,71312,False,True,False,4981997,71312,False,True,False,4981998,71312,False,True,False,4981999,71312,False,True,False,4982000,71312,False,True,False,4982001,71312,False,True,False,4982002,71312,False,True,False,4982006,71312,False,True,False,4982008,71312,False,True,False,4981827,71313,False,True,False,0,0,False,False,False,0,0,False,False,False,0,0,False,False,False,0,0,False,False,False,0,0,False,False,False,251,0,279,280,281,3,1
50,4981827,71311,True,False,False,4981996,71312,False,True,False,4981997,71312,False,True,False,4981998,71312,False,True,False,4981999,71312,False,True,False,4982000,71312,False,True,False,4982001,71312,False,True,False,4982002,71312,False,True,False,4982006,71312,False,True,False,4982008,71312,False,True,False,4981827,71313,False,True,False,0,0,False,False,False,0,0,False,False,False,0,0,False,False,False,0,0,False,False,False,0,0,False,False,False,251,0,279,280,281,3,1
51,4981827,71311,True,False,False,4981996,71312,False,True,False,4981997,71312,False,True,False,4981998,71312,False,True,False,4981999,71312,False,True,False,4982000,71312,False,True,False,4982001,71312,False,True,False,4982002,71312,False,True,False,4982006,71312,False,True,False,4982008,71312,False,True,False,4981827,71313,False,True,False,0,0,False,False,False,0,0,False,False,False,0,0,False,False,False,0,0,False,False,False,0,0,False,False,False,251,0,279,280,281,3,1
52,4981827,71311,True,False,False,4981996,71312,False,True,False,4981997,71312,False,True,False,4981998,71312,False,True,False,4981999,71312,False,True,False,4982000,71312,False,True,False,4982001,71312,False,True,False,4982002,71312,False,True,False,4982006,71312,False,True,False,4982008,71312,False,True,False,4981827,71313,False,True,False,0,0,False,False,False,0,0,False,False,False,0,0,False,False,False,0,0,False,False,False,0,0,False,False,False,251,0,279,280,281,3,1
53,4981827,71311,True,False,False,4981996,71312,False,True,False,4981997,71312,False,True,False,4981998,71312,False,True,False,4981999,71312,False,True,False,4982000,71312,False,True,False,4982001,71312,False,True,False,4982002,71312,False,True,False,4982006,71312,False,True,False,4982008,71312,False,True,False,4981827,71313,False,True,False,0,0,False,False,False,0,0,False,False,False,0,0,False,False,False,0,0,False,False,False,0,0,False,False,False,251,0,279,280,281,3,1
54,4981827,71311,True,False,False,4981996,71312,False,True,False,4981997,71312,False,True,False,4981998,71312,False,True,False,4981999,71312,False,True,False,4982000,71312,False,True,False,4982001,71312,False,True,False,4982002,71312,False,True,False,4982006,71312,False,True,False,4982008,71312,False,True,False,4981827,71313,False,True,False,0,0,False,False,False,0,0,False,False,False,0,0,False,False,False,0,0,False,False,False,0,0,False,False,False,251,0,279,280,281,3,1
55,5126495,71311,True,False,False,5126495,71313,False,True,False,0,0,False,False,False,0,0,False,False,False,0,0,False,False,False,0,0,False,False,False,0,0,False,False,False,0,0,False,False,False,0,0,False,False,False,0,0,False,False,False,0,0,False,False,False,0,0,False,False,False,0,0,False,False,False,0,0,False,False,False,0,0,False,False,False,0,0,False,False,False,251,0,279,280,281,5,2
56,5126495,71311,True,False,False,5126495,71313,False,True,False,0,0,False,False,False,0,0,False,False,False,0,0,False,False,False,0,0,False,False,False,0,0,False,False,False,0,0,False,False,False,0,0,False,False,False,0,0,False,False,False,0,0,False,False,False,0,0,False,False,False,0,0,False,False,False,0,0,False,False,False,0,0,False,False,False,0,0,False,False,False,251,0,279,280,281,5,2
57,5126495,71311,True,False,False,5126495,71313,False,True,False,0,0,False,False,False,0,0,False,False,False,0,0,False,False,False,0,0,False,False,False,0,0,False,False,False,0,0,False,False,False,0,0,False,False,False,0,0,False,False,False,0,0,False,False,False,0,0,False,False,False,0,0,False,False,False,0,0,False,False,False,0,0,False,False,False,0,0,False,False,False,251,0,279,280,281,5,2
58,5126495,71311,True,False,False,5126495,71313,False,True,False,0,0,False,False,False,0,0,False,False,False,0,0,False,False,False,0,0,False,False,False,0,0,False,False,False,0,0,False,False,False,0,0,False,False,False,0,0,False,False,False,0,0,False,False,False,0,0,False,False,False,0,0,False,False,False,0,0,False,False,False,0,0,False,False,False,0,0,False,False,False,251,0,279,280,281,5,2
59,5126495,71311,True,False,False,5126495,71313,False,True,False,0,0,False,False,False,0,0,False,False,False,0,0,False,False,False,0,0,False,False,False,0,0,False,False,False,0,0,False,False,False,0,0,False,False,False,0,0,False,False,False,0,0,False,False,False,0,0,False,False,False,0,0,False,False,False,0,0,False,False,False,0,0,False,False,False,0,0,False,False,False,251,0,279,280,281,5,2
60,5127365,71311,True,False,False,5127365,71313,False,True,False,0,0,False,False,False,0,0,False,False,False,0,0,False,False,False,0,0,False,False,False,0,0,False,False,False,0,0,False,False,False,0,0,False,False,False,0,0,False,False,False,0,0,False,False,False,0,0,False,False,False,0,0,False,False,False,0,0,False,False,False,0,0,False,False,False,0,0,False,False,False,251,0,279,280,281,4,2
61,5126495,71311,True,False,False,5126495,71313,False,True,False,0,0,False,False,False,0,0,False,False,False,0,0,False,False,False,0,0,False,False,False,0,0,False,False,False,0,0,False,False,False,0,0,False,False,False,0,0,False,False,False,0,0,False,False,False,0,0,False,False,False,0,0,False,False,False,0,0,False,False,False,0,0,False,False,False,0,0,False,False,False,251,0,279,280,281,5,2
62,5127365,71311,True,False,False,5127365,71313,False,True,False,0,0,False,False,False,0,0,False,False,False,0,0,False,False,False,0,0,False,False,False,0,0,False,False,False,0,0,False,False,False,0,0,False,False,False,0,0,False,False,False,0,0,False,False,False,0,0,False,False,False,0,0,False,False,False,0,0,False,False,False,0,0,False,False,False,0,0,False,False,False,251,0,279,280,281,4,2
63,5127365,71311,True,False,False,5127365,71313,False,True,False,0,0,False,False,False,0,0,False,False,False,0,0,False,False,False,0,0,False,False,False,0,0,False,False,False,0,0,False,False,False,0,0,False,False,False,0,0,False,False,False,0,0,False,False,False,0,0,False,False,False,0,0,False,False,False,0,0,False,False,False,0,0,False,False,False,0,0,False,False,False,251,0,279,280,281,4,2
64,5127365,71311,True,False,False,5127365,71313,False,True,False,0,0,False,False,False,0,0,False,False,False,0,0,False,False,False,0,0,False,False,False,0,0,False,False,False,0,0,False,False,False,0,0,False,False,False,0,0,False,False,False,0,0,False,False,False,0,0,False,False,False,0,0,False,False,False,0,0,False,False,False,0,0,False,False,False,0,0,False,False,False,251,0,279,280,281,4,2
65,7621822,71311,True,False,False,0,0,False,False,False,0,0,False,False,False,0,0,False,False,False,0,0,False,False,False,0,0,False,False,False,0,0,False,False,False,0,0,False,False,False,0,0,False,False,False,0,0,False,False,False,0,0,False,False,False,0,0,False,False,False,0,0,False,False,False,0,0,False,False,False,0,0,False,False,False,0,0,False,False,False,251,0,0,0,0,6,3
66,7621822,71311,True,False,False,0,0,False,False,False,0,0,False,False,False,0,0,False,False,False,0,0,False,False,False,0,0,False,False,False,0,0,False,False,False,0,0,False,False,False,0,0,False,False,False,0,0,False,False,False,0,0,False,False,False,0,0,False,False,False,0,0,False,False,False,0,0,False,False,False,0,0,False,False,False,0,0,False,False,False,251,0,0,0,0,6,3
67,7621822,71311,True,False,False,0,0,False,False,False,0,0,False,False,False,0,0,False,False,False,0,0,False,False,False,0,0,False,False,False,0,0,False,False,False,0,0,False,False,False,0,0,False,False,False,0,0,False,False,False,0,0,False,False,False,0,0,False,False,False,0,0,False,False,False,0,0,False,False,False,0,0,False,False,False,0,0,False,False,False,251,0,0,0,0,6,3
68,7621822,71311,True,False,False,0,0,False,False,False,0,0,False,False,False,0,0,False,False,False,0,0,False,False,False,0,0,False,False,False,0,0,False,False,False,0,0,False,False,False,0,0,False,False,False,0,0,False,False,False,0,0,False,False,False,0,0,False,False,False,0,0,False,False,False,0,0,False,False,False,0,0,False,False,False,0,0,False,False,False,251,0,0,0,0,6,3
69,7621822,71311,True,False,False,0,0,False,False,False,0,0,False,False,False,0,0,False,False,False,0,0,False,False,False,0,0,False,False,False,0,0,False,False,False,0,0,False,False,False,0,0,False,False,False,0,0,False,False,False,0,0,False,False,False,0,0,False,False,False,0,0,False,False,False,0,0,False,False,False,0,0,False,False,False,0,0,False,False,False,251,0,0,0,0,6,3
70,7621822,71311,True,False,False,0,0,False,False,False,0,0,False,False,False,0,0,False,False,False,0,0,False,False,False,0,0,False,False,False,0,0,False,False,False,0,0,False,False,False,0,0,False,False,False,0,0,False,False,False,0,0,False,False,False,0,0,False,False,False,0,0,False,False,False,0,0,False,False,False,0,0,False,False,False,0,0,False,False,False,251,0,0,0,0,6,3
71,7621822,71311,True,False,False,0,0,False,False,False,0,0,False,False,False,0,0,False,False,False,0,0,False,False,False,0,0,False,False,False,0,0,False,False,False,0,0,False,False,False,0,0,False,False,False,0,0,False,False,False,0,0,False,False,False,0,0,False,False,False,0,0,False,False,False,0,0,False,False,False,0,0,False,False,False,0,0,False,False,False,251,0,0,0,0,6,3
72,7621822,71311,True,False,False,0,0,False,False,False,0,0,False,False,False,0,0,False,False,False,0,0,False,False,False,0,0,False,False,False,0,0,False,False,False,0,0,False,False,False,0,0,False,False,False,0,0,False,False,False,0,0,False,False,False,0,0,False,False,False,0,0,False,False,False,0,0,False,False,False,0,0,False,False,False,0,0,False,False,False,251,0,0,0,0,6,3
73,7621822,71311,True,False,False,0,0,False,False,False,0,0,False,False,False,0,0,False,False,False,0,0,False,False,False,0,0,False,False,False,0,0,False,False,False,0,0,False,False,False,0,0,False,False,False,0,0,False,False,False,0,0,False,False,False,0,0,False,False,False,0,0,False,False,False,0,0,False,False,False,0,0,False,False,False,0,0,False,False,False,251,0,0,0,0,6,3
74,7773571,71311,True,False,False,0,0,False,False,False,0,0,False,False,False,0,0,False,False,False,0,0,False,False,False,0,0,False,False,False,0,0,False,False,False,0,0,False,False,False,0,0,False,False,False,0,0,False,False,False,0,0,False,False,False,0,0,False,False,False,0,0,False,False,False,0,0,False,False,False,0,0,False,False,False,0,0,False,False,False,251,0,0,0,0,7,3
75,7773571,71311,True,False,False,0,0,False,False,False,0,0,False,False,False,0,0,False,False,False,0,0,False,False,False,0,0,False,False,False,0,0,False,False,False,0,0,False,False,False,0,0,False,False,False,0,0,False,False,False,0,0,False,False,False,0,0,False,False,False,0,0,False,False,False,0,0,False,False,False,0,0,False,False,False,0,0,False,False,False,251,0,0,0,0,7,3
76,7773571,71311,True,False,False,0,0,False,False,False,0,0,False,False,False,0,0,False,False,False,0,0,False,False,False,0,0,False,False,False,0,0,False,False,False,0,0,False,False,False,0,0,False,False,False,0,0,False,False,False,0,0,False,False,False,0,0,False,False,False,0,0,False,False,False,0,0,False,False,False,0,0,False,False,False,0,0,False,False,False,251,0,0,0,0,7,3
77,8138065,71311,True,False,False,8138065,71313,False,True,False,0,0,False,False,False,0,0,False,False,False,0,0,False,False,False,0,0,False,False,False,0,0,False,False,False,0,0,False,False,False,0,0,False,False,False,0,0,False,False,False,0,0,False,False,False,0,0,False,False,False,0,0,False,False,False,0,0,False,False,False,0,0,False,False,False,0,0,False,False,False,251,421,279,280,281,8,2
78,7621822,71311,True,False,False,0,0,False,False,False,0,0,False,False,False,0,0,False,False,False,0,0,False,False,False,0,0,False,False,False,0,0,False,False,False,0,0,False,False,False,0,0,False,False,False,0,0,False,False,False,0,0,False,False,False,0,0,False,False,False,0,0,False,False,False,0,0,False,False,False,0,0,False,False,False,0,0,False,False,False,251,0,0,0,0,6,3
79,7621822,71311,True,False,False,0,0,False,False,False,0,0,False,False,False,0,0,False,False,False,0,0,False,False,False,0,0,False,False,False,0,0,False,False,False,0,0,False,False,False,0,0,False,False,False,0,0,False,False,False,0,0,False,False,False,0,0,False,False,False,0,0,False,False,False,0,0,False,False,False,0,0,False,False,False,0,0,False,False,False,251,0,0,0,0,6,3
80,7621822,71311,True,False,False,0,0,False,False,False,0,0,False,False,False,0,0,False,False,False,0,0,False,False,False,0,0,False,False,False,0,0,False,False,False,0,0,False,False,False,0,0,False,False,False,0,0,False,False,False,0,0,False,False,False,0,0,False,False,False,0,0,False,False,False,0,0,False,False,False,0,0,False,False,False,0,0,False,False,False,251,0,0,0,0,6,3
81,7621822,71311,True,False,False,0,0,False,False,False,0,0,False,False,False,0,0,False,False,False,0,0,False,False,False,0,0,False,False,False,0,0,False,False,False,0,0,False,False,False,0,0,False,False,False,0,0,False,False,False,0,0,False,False,False,0,0,False,False,False,0,0,False,False,False,0,0,False,False,False,0,0,False,False,False,0,0,False,False,False,251,0,0,0,0,6,3
82,7621822,71311,True,False,False,0,0,False,False,False,0,0,False,False,False,0,0,False,False,False,0,0,False,False,False,0,0,False,False,False,0,0,False,False,False,0,0,False,False,False,0,0,False,False,False,0,0,False,False,False,0,0,False,False,False,0,0,False,False,False,0,0,False,False,False,0,0,False,False,False,0,0,False,False,False,0,0,False,False,False,251,0,0,0,0,6,3
83,7621822,71311,True,False,False,0,0,False,False,False,0,0,False,False,False,0,0,False,False,False,0,0,False,False,False,0,0,False,False,False,0,0,False,False,False,0,0,False,False,False,0,0,False,False,False,0,0,False,False,False,0,0,False,False,False,0,0,False,False,False,0,0,False,False,False,0,0,False,False,False,0,0,False,False,False,0,0,False,False,False,251,0,0,0,0,6,3
84,7621822,71311,True,False,False,0,0,False,False,False,0,0,False,False,False,0,0,False,False,False,0,0,False,False,False,0,0,False,False,False,0,0,False,False,False,0,0,False,False,False,0,0,False,False,False,0,0,False,False,False,0,0,False,False,False,0,0,False,False,False,0,0,False,False,False,0,0,False,False,False,0,0,False,False,False,0,0,False,False,False,251,0,0,0,0,6,3
85,7621822,71311,True,False,False,0,0,False,False,False,0,0,False,False,False,0,0,False,False,False,0,0,False,False,False,0,0,False,False,False,0,0,False,False,False,0,0,False,False,False,0,0,False,False,False,0,0,False,False,False,0,0,False,False,False,0,0,False,False,False,0,0,False,False,False,0,0,False,False,False,0,0,False,False,False,0,0,False,False,False,251,0,0,0,0,6,3
86,7621822,71311,True,False,False,0,0,False,False,False,0,0,False,False,False,0,0,False,False,False,0,0,False,False,False,0,0,False,False,False,0,0,False,False,False,0,0,False,False,False,0,0,False,False,False,0,0,False,False,False,0,0,False,False,False,0,0,False,False,False,0,0,False,False,False,0,0,False,False,False,0,0,False,False,False,0,0,False,False,False,251,0,0,0,0,6,3
87,7621822,71311,True,False,False,0,0,False,False,False,0,0,False,False,False,0,0,False,False,False,0,0,False,False,False,0,0,False,False,False,0,0,False,False,False,0,0,False,False,False,0,0,False,False,False,0,0,False,False,False,0,0,False,False,False,0,0,False,False,False,0,0,False,False,False,0,0,False,False,False,0,0,False,False,False,0,0,False,False,False,251,0,0,0,0,6,3
88,7621822,71311,True,False,False,0,0,False,False,False,0,0,False,False,False,0,0,False,False,False,0,0,False,False,False,0,0,False,False,False,0,0,False,False,False,0,0,False,False,False,0,0,False,False,False,0,0,False,False,False,0,0,False,False,False,0,0,False,False,False,0,0,False,False,False,0,0,False,False,False,0,0,False,False,False,0,0,False,False,False,251,0,0,0,0,6,3
89,7621822,71311,True,False,False,0,0,False,False,False,0,0,False,False,False,0,0,False,False,False,0,0,False,False,False,0,0,False,False,False,0,0,False,False,False,0,0,False,False,False,0,0,False,False,False,0,0,False,False,False,0,0,False,False,False,0,0,False,False,False,0,0,False,False,False,0,0,False,False,False,0,0,False,False,False,0,0,False,False,False,251,0,0,0,0,6,3
90,7621822,71311,True,False,False,0,0,False,False,False,0,0,False,False,False,0,0,False,False,False,0,0,False,False,False,0,0,False,False,False,0,0,False,False,False,0,0,False,False,False,0,0,False,False,False,0,0,False,False,False,0,0,False,False,False,0,0,False,False,False,0,0,False,False,False,0,0,False,False,False,0,0,False,False,False,0,0,False,False,False,251,0,0,0,0,6,3
91,7621822,71311,True,False,False,0,0,False,False,False,0,0,False,False,False,0,0,False,False,False,0,0,False,False,False,0,0,False,False,False,0,0,False,False,False,0,0,False,False,False,0,0,False,False,False,0,0,False,False,False,0,0,False,False,False,0,0,False,False,False,0,0,False,False,False,0,0,False,False,False,0,0,False,False,False,0,0,False,False,False,251,0,0,0,0,6,3
92,7621822,71311,True,False,False,0,0,False,False,False,0,0,False,False,False,0,0,False,False,False,0,0,False,False,False,0,0,False,False,False,0,0,False,False,False,0,0,False,False,False,0,0,False,False,False,0,0,False,False,False,0,0,False,False,False,0,0,False,False,False,0,0,False,False,False,0,0,False,False,False,0,0,False,False,False,0,0,False,False,False,251,0,0,0,0,6,3
93,7621822,71311,True,False,False,0,0,False,False,False,0,0,False,False,False,0,0,False,False,False,0,0,False,False,False,0,0,False,False,False,0,0,False,False,False,0,0,False,False,False,0,0,False,False,False,0,0,False,False,False,0,0,False,False,False,0,0,False,False,False,0,0,False,False,False,0,0,False,False,False,0,0,False,False,False,0,0,False,False,False,251,0,0,0,0,6,3
94,7621822,71311,True,False,False,0,0,False,False,False,0,0,False,False,False,0,0,False,False,False,0,0,False,False,False,0,0,False,False,False,0,0,False,False,False,0,0,False,False,False,0,0,False,False,False,0,0,False,False,False,0,0,False,False,False,0,0,False,False,False,0,0,False,False,False,0,0,False,False,False,0,0,False,False,False,0,0,False,False,False,251,0,0,0,0,6,3
95,7621822,71311,True,False,False,0,0,False,False,False,0,0,False,False,False,0,0,False,False,False,0,0,False,False,False,0,0,False,False,False,0,0,False,False,False,0,0,False,False,False,0,0,False,False,False,0,0,False,False,False,0,0,False,False,False,0,0,False,False,False,0,0,False,False,False,0,0,False,False,False,0,0,False,False,False,0,0,False,False,False,251,0,0,0,0,6,3
96,7773571,71311,True,False,False,0,0,False,False,False,0,0,False,False,False,0,0,False,False,False,0,0,False,False,False,0,0,False,False,False,0,0,False,False,False,0,0,False,False,False,0,0,False,False,False,0,0,False,False,False,0,0,False,False,False,0,0,False,False,False,0,0,False,False,False,0,0,False,False,False,0,0,False,False,False,0,0,False,False,False,251,0,0,0,0,7,3
97,7773571,71311,True,False,False,0,0,False,False,False,0,0,False,False,False,0,0,False,False,False,0,0,False,False,False,0,0,False,False,False,0,0,False,False,False,0,0,False,False,False,0,0,False,False,False,0,0,False,False,False,0,0,False,False,False,0,0,False,False,False,0,0,False,False,False,0,0,False,False,False,0,0,False,False,False,0,0,False,False,False,251,0,0,0,0,7,3
98,7773571,71311,True,False,False,0,0,False,False,False,0,0,False,False,False,0,0,False,False,False,0,0,False,False,False,0,0,False,False,False,0,0,False,False,False,0,0,False,False,False,0,0,False,False,False,0,0,False,False,False,0,0,False,False,False,0,0,False,False,False,0,0,False,False,False,0,0,False,False,False,0,0,False,False,False,0,0,False,False,False,251,0,0,0,0,7,3
