key,0,1,2,3,4,5,6,7,8,9,10,11,12,13,14,15,16,17,18,19,20
#,,,,,,,,,,,,,,,,,,,,,
int32,str,byte,uint16,uint16,byte,bit&01,byte,uint16,uint16,uint16,uint16,uint16,uint16,uint16,byte,uint16,uint16,byte,uint16,uint16,uint16
0,"",0,0,0,0,False,0,0,0,0,0,0,0,0,0,0,0,0,0,0,0
1," 汎用繊維板の製作",17,9,0,0,False,1,0,1,1200,2400,143,0,0,0,0,50,1,2,0,0
2," 拠点外活動用の燃料調達",20,9,0,0,False,1,0,2,1200,2400,144,0,0,0,0,51,1,3,0,0
3," 採集用アクセサリの製作",22,9,0,0,False,1,0,3,1200,2400,145,0,0,0,0,52,1,4,0,0
4," 研究用必須素材の調達",29,9,0,0,False,1,0,4,1200,2400,146,0,0,0,0,53,1,5,0,0
5," 木炭の長持続化検証",20,9,0,0,False,1,0,5,1200,2400,147,0,0,0,0,54,1,6,0,0
6," 汎用寝具の製作",19,9,0,0,False,1,0,6,1200,2400,148,0,0,0,0,55,1,7,0,0
7," 薄型繊維板の製作",17,9,0,0,False,2,0,7,1200,2400,149,0,0,0,0,56,1,8,0,0
8," 木工師用支援物資の製作",20,9,0,0,False,2,0,8,1200,2400,150,0,0,0,0,57,1,9,0,0
9," 作業員用裁縫道具の調達",26,9,0,3,False,2,0,9,1300,3000,151,0,0,0,0,58,1,10,0,0
10," データ記入用紙の製作",18,9,0,3,False,2,0,10,700,1500,152,0,0,0,0,59,1,11,0,0
11," 断熱内装材の製作",19,9,0,3,False,2,0,11,1100,2500,153,0,0,0,0,60,1,12,0,0
12," コスモライナー用の基本資材調達",28,9,0,3,False,2,0,12,1200,2250,154,0,0,0,0,61,1,13,0,0
13," 新素材を用いたイヤリング製作",22,9,0,3,False,2,0,13,700,1500,155,0,0,0,0,62,1,14,0,0
14," 補給用容器の製作",20,9,0,0,False,3,0,14,1600,2400,156,0,0,0,0,63,1,15,0,0
15," 厚型繊維板の製作",17,9,0,0,False,3,0,15,1600,2400,157,0,0,0,0,64,1,16,0,0
16," 高品質断熱材の製作",19,9,0,3,False,3,0,16,1700,2000,158,0,0,0,0,65,1,17,0,0
17," 耐熱性樹脂の製作",31,9,0,3,False,3,0,17,2700,3000,159,0,0,0,0,66,1,18,0,0
18," 長期保存用紙の製作",18,9,0,0,False,3,0,18,1600,2400,160,0,0,0,0,67,1,19,0,0
19," 居住区用椅子の製作",30,9,0,3,False,3,0,19,2700,3000,161,0,0,0,0,68,1,20,0,0
20," 試験素材を用いた採集道具製作",22,9,0,0,False,3,0,20,1000,1300,162,0,0,0,0,69,1,21,0,0
21," 休憩用高品質ベッドの製作",24,9,0,0,False,3,0,21,1000,1300,163,0,0,0,0,70,1,22,0,0
22,"A-1：高耐久繊維板の製作",17,9,0,0,False,4,540,22,1800,2400,164,0,0,0,0,71,0,23,0,1200
23,"A-1：最高級紙の製作",18,9,0,3,False,4,540,23,2300,3000,165,0,0,0,0,72,0,24,0,1200
24,"A-1：宇宙船用の断熱材調達",19,9,0,3,False,4,0,24,700,1000,166,0,0,0,0,73,0,25,0,1200
25,"A-1：高火力木炭の製作",20,9,0,3,False,4,240,25,700,1000,167,0,0,0,0,74,0,26,0,1200
26,"A-1：月面植物の加工検証",21,9,0,3,False,4,900,26,2600,3000,168,0,0,0,0,75,0,27,0,1200
27,"A-2：試験用素材の最終加工検証",22,9,0,3,False,5,330,27,2500,3000,169,0,0,0,0,76,0,28,0,1100
28,"A-2：配膳用トレイの製作",23,9,0,3,False,5,300,28,840,1000,170,0,0,0,0,77,0,29,0,1100
29,"A-2：二段ベッドの製作",24,9,0,3,False,5,240,29,840,1000,171,0,0,0,0,78,0,30,0,1100
30,"A-2：作業補助設備の製作",25,9,0,3,False,5,720,30,2800,3000,172,0,0,13,0,79,0,31,0,1100
31,"A-3：高品質製作道具の補充",26,9,0,0,False,6,420,31,560,880,173,0,0,14,0,80,0,32,0,1000
32,"A-3：高所用昇降台の製作",27,9,0,0,False,6,330,32,560,880,174,0,0,13,0,81,0,33,0,1000
33,"A-1：動力伝達用シャフトの製作",28,9,0,3,False,4,540,33,2300,3000,175,0,0,0,0,82,0,34,0,1200
34,"A-2：続・動力伝達用シャフトの製作",28,9,0,3,False,5,330,34,2500,3000,176,0,0,0,33,83,0,35,0,1100
35,"A-1：性質特化素材の調達",29,9,0,0,False,4,360,35,1000,1600,177,0,0,0,0,84,0,36,0,1200
36,"A-2：続・性質特化素材の調達",29,9,0,0,False,5,300,36,1000,1600,178,0,0,0,35,85,0,37,0,1100
37,"A-3：研究用大型水槽の製作",29,9,0,0,False,6,300,37,1000,1600,179,0,0,0,36,86,0,38,0,1000
38,"A-2：休憩施設用素材の製作",30,9,0,3,False,5,240,38,850,1000,180,0,0,0,0,87,0,39,0,1100
39,"A-3：休憩施設用調度品の製作",30,9,0,3,False,6,240,39,900,1000,181,0,0,0,38,88,0,40,0,1000
40,"A-1：貨物梱包素材の製作",31,9,0,3,False,4,540,40,2300,3000,182,0,0,1,0,89,0,41,0,1200
41,"A-2：続・貨物梱包素材の製作",31,9,0,3,False,5,300,41,2500,3000,183,0,0,0,40,90,0,42,0,1100
42,"A-3：ローバー用貨物梱包材の製作",31,9,0,3,False,6,270,42,2700,3000,184,0,0,0,41,91,0,43,0,1000
43,"A-3：バイオ燃料の製作",32,9,0,3,False,6,600,43,980,1080,185,0,0,7,0,92,0,44,0,1000
44,"A-3：続・バイオ燃料の製作",32,9,0,3,False,6,600,44,980,1080,186,0,0,0,43,93,0,45,0,1000
45,"A-3：バイオ燃料の製作・最終工程",32,9,0,0,False,6,420,45,1000,1080,187,0,0,0,44,94,0,46,0,1000
46," 汎用装甲板の製作",1,10,0,0,False,1,0,46,1200,2400,188,0,0,0,0,95,1,47,0,0
47," 宇宙船用の予備部品製作",14,10,0,0,False,1,0,47,1200,2400,189,0,0,0,0,96,1,48,0,0
48," 合金製作の検証",2,10,0,0,False,1,0,48,1200,2400,190,0,0,0,0,97,1,49,0,0
49," 初級カスタマイズ部品の製作",15,10,0,0,False,1,0,49,1200,2400,191,0,0,0,0,98,1,50,0,0
50," 汎用金属部品の製作",3,10,0,0,False,1,0,50,1200,2400,192,0,0,0,0,99,1,51,0,0
51," 必需品の大量生産",3,10,0,0,False,1,0,51,1200,2400,193,0,0,0,0,100,1,52,0,0
52," 規格厚型装甲板の製作",1,10,0,0,False,2,0,52,1200,2400,194,0,0,0,0,101,1,53,0,0
53," 宇宙船用の動力伝導軸",14,10,0,0,False,2,0,53,1200,2400,195,0,0,0,0,102,1,54,0,0
54," 作業員用砕岩道具の調達",4,10,0,3,False,2,0,54,1300,3000,196,0,0,0,0,103,1,55,0,0
55," 規格合金リベットの製作",3,10,0,3,False,2,0,55,700,1500,197,0,0,0,0,104,1,56,0,0
56," 作業員用木工道具の調達",4,10,0,3,False,2,0,56,1100,2500,198,0,0,0,0,105,1,57,0,0
57," 中級カスタマイズ部品の製作",15,10,0,3,False,2,0,57,1200,2250,199,0,0,0,0,106,1,58,0,0
58," 断熱設備の製作",9,10,0,3,False,2,0,58,700,1500,200,0,0,0,0,107,1,59,0,0
59," ローバー用の伝導軸製作",3,10,0,0,False,3,0,59,1600,2400,201,0,0,0,0,108,1,60,0,0
60," 規格薄型装甲板の製作",1,10,0,0,False,3,0,60,1600,2400,202,0,0,0,0,109,1,61,0,0
61," 作業員用冶金道具の調達",4,10,0,3,False,3,0,61,1700,2000,203,0,0,0,0,110,1,62,0,0
62," 入浴用調度品の製作",6,10,0,3,False,3,0,62,2700,3000,204,0,0,0,0,111,1,63,0,0
63," 青燐式移動ストーブの製作",9,10,0,0,False,3,0,63,1600,2400,205,0,0,0,0,112,1,64,0,0
64," 居住区用照明の製作",12,10,0,3,False,3,0,64,2700,3000,206,0,0,0,0,113,1,65,0,0
65," 月面産素材の道具加工依頼",4,10,0,0,False,3,0,65,1000,1300,207,0,0,0,0,114,1,66,0,0
66," 月面産素材の部品加工依頼",7,10,0,0,False,3,0,66,1000,1300,208,0,0,0,0,115,1,67,0,0
67,"A-1：重要施設用装甲板の製作",1,10,0,0,False,4,540,67,1800,2400,209,0,0,0,0,116,0,68,0,2200
68,"A-1：希少素材の加工",2,10,0,3,False,4,540,68,2300,3000,210,0,0,0,0,117,0,69,0,2200
69,"A-1：設備工事の必需品補充",3,10,0,3,False,4,0,69,700,1000,211,0,0,0,0,118,0,70,0,2200
70,"A-1：作業員用板金道具の調達依頼",4,10,0,3,False,4,240,70,700,1000,212,0,0,0,0,119,0,71,0,2200
71,"A-1：隕鉄素材の加工検証",5,10,0,3,False,4,900,71,2600,3000,213,0,0,0,0,120,0,72,0,2200
72,"A-2：東方調度品の再現依頼",6,10,0,3,False,5,330,72,2500,3000,214,0,0,0,0,121,0,73,0,2100
73,"A-2：精密な素材加工",7,10,0,3,False,5,300,73,840,1000,215,0,0,0,0,122,0,74,0,2100
74,"A-2：ムーンゲート基地の備品補充",8,10,0,3,False,5,240,74,840,1000,216,0,0,0,0,123,0,75,0,2100
75,"A-2：作業補助設備の製作",9,10,0,3,False,5,720,75,2800,3000,217,0,0,14,0,124,0,76,0,2100
76,"A-3：素材の高耐久化加工",10,10,0,0,False,6,420,76,560,880,218,0,0,13,0,125,0,77,0,2000
77,"A-3：素材の対衝撃化加工",11,10,0,0,False,6,330,77,560,880,219,0,0,14,0,126,0,78,0,2000
78,"A-1：基地内の家具備品製作",12,10,0,3,False,4,540,78,2300,3000,220,0,0,0,0,127,0,79,0,2200
79,"A-2：続・基地内の家具備品製作",12,10,0,3,False,5,330,79,2500,3000,221,0,0,0,78,128,0,80,0,2100
80,"A-1：性質特化素材の調達",13,10,0,0,False,4,360,80,1000,1600,222,0,0,0,0,129,0,81,0,2200
81,"A-2：続・性質特化素材の調達",13,10,0,0,False,5,300,81,1000,1600,223,0,0,0,80,130,0,82,0,2100
82,"A-3：研究用大型水槽の製作",13,10,0,0,False,6,300,82,1000,1600,224,0,0,0,81,131,0,83,0,2000
83,"A-2：宇宙船建造用の素材製作",14,10,0,3,False,5,240,83,850,1000,225,0,0,0,0,132,0,84,0,2100
84,"A-3：宇宙船建造用の素材加工",14,10,0,3,False,6,240,84,900,1000,226,0,0,0,83,133,0,85,0,2000
85,"A-1：高機能ドローンの素材製作",15,10,0,3,False,4,540,85,2300,3000,227,0,0,3,0,134,0,86,0,2200
86,"A-2：続・高機能ドローンの素材製作",15,10,0,3,False,5,300,86,2500,3000,228,0,0,0,85,135,0,87,0,2100
87,"A-3：高機能ドローンの製作",15,10,0,3,False,6,270,87,2700,3000,229,0,0,0,86,136,0,88,0,2000
88,"A-3：特種装備素材の製作",16,10,0,3,False,6,600,88,980,1080,230,0,0,9,0,137,0,89,0,2000
89,"A-3：続・特種装備素材の製作",16,10,0,3,False,6,600,89,980,1080,231,0,0,0,88,138,0,90,0,2000
90,"A-3：特種装備の製作 最終工程",16,10,0,0,False,6,420,90,1000,1080,232,0,0,0,89,139,0,91,0,2000
91," 汎用装甲板の製作",1,11,0,0,False,1,0,91,1200,2400,233,0,0,0,0,140,1,92,0,0
92," 宇宙船用の予備部品製作",14,11,0,0,False,1,0,92,1200,2400,234,0,0,0,0,141,1,93,0,0
93," 合金製作の検証",2,11,0,0,False,1,0,93,1200,2400,235,0,0,0,0,142,1,94,0,0
94," 初級カスタマイズ部品の製作",15,11,0,0,False,1,0,94,1200,2400,236,0,0,0,0,143,1,95,0,0
95," 汎用金属部品の製作",3,11,0,0,False,1,0,95,1200,2400,237,0,0,0,0,144,1,96,0,0
96," 必需品の大量生産",3,11,0,0,False,1,0,96,1200,2400,238,0,0,0,0,145,1,97,0,0
97," 規格厚型装甲板の製作",1,11,0,0,False,2,0,97,1200,2400,239,0,0,0,0,146,1,98,0,0
98," 宇宙船用の動力伝導軸",14,11,0,0,False,2,0,98,1200,2400,240,0,0,0,0,147,1,99,0,0
99," 作業員用調理道具の調達",4,11,0,3,False,2,0,99,1300,3000,241,0,0,0,0,148,1,100,0,0
100," 規格チェーンプレートの製作",3,11,0,3,False,2,0,100,700,1500,242,0,0,0,0,149,1,101,0,0
101," 防塵装備の調達",4,11,0,3,False,2,0,101,1100,2500,243,0,0,0,0,150,1,102,0,0
102," 中級カスタマイズ部品の製作",15,11,0,3,False,2,0,102,1200,2250,244,0,0,0,0,151,1,103,0,0
103," 断熱設備の製作",9,11,0,3,False,2,0,103,700,1500,245,0,0,0,0,152,1,104,0,0
104," ローバー用の部品製作",3,11,0,0,False,3,0,104,1600,2400,246,0,0,0,0,153,1,105,0,0
105," 規格薄型装甲板の製作",1,11,0,0,False,3,0,105,1600,2400,247,0,0,0,0,154,1,106,0,0
106," 続・作業員用調理道具の調達",4,11,0,3,False,3,0,106,1700,2000,248,0,0,0,0,155,1,107,0,0
107," 喫茶用調度品の製作",6,11,0,3,False,3,0,107,2700,3000,249,0,0,0,0,156,1,108,0,0
108," 屋外用焚火炉の製作",9,11,0,0,False,3,0,108,1600,2400,250,0,0,0,0,157,1,109,0,0
109," 居住区用収納設備の製作",12,11,0,3,False,3,0,109,2700,3000,251,0,0,0,0,158,1,110,0,0
110," 月面産素材の道具加工依頼",4,11,0,0,False,3,0,110,1000,1300,252,0,0,0,0,159,1,111,0,0
111," 月面産素材の部品加工依頼",7,11,0,0,False,3,0,111,1000,1300,253,0,0,0,0,160,1,112,0,0
112,"A-1：重要施設用装甲板の製作",1,11,0,0,False,4,540,112,1800,2400,254,0,0,0,0,161,0,113,0,3200
113,"A-1：希少素材の加工",2,11,0,3,False,4,540,113,2300,3000,255,0,0,0,0,162,0,114,0,3200
114,"A-1：設備工事の必需品補充",3,11,0,3,False,4,0,114,700,1000,256,0,0,0,0,163,0,115,0,3200
115,"A-1：高伝導調理道具の調達依頼",4,11,0,3,False,4,240,115,700,1000,257,0,0,0,0,164,0,116,0,3200
116,"A-1：隕鉄素材の加工検証",5,11,0,3,False,4,900,116,2600,3000,258,0,0,0,0,165,0,117,0,3200
117,"A-2：香炉の再現依頼",6,11,0,3,False,5,330,117,2500,3000,259,0,0,0,0,166,0,118,0,3100
118,"A-2：精密な素材加工",7,11,0,3,False,5,300,118,840,1000,260,0,0,0,0,167,0,119,0,3100
119,"A-2：ムーンゲート基地の備品補充",8,11,0,3,False,5,240,119,840,1000,261,0,0,0,0,168,0,120,0,3100
120,"A-2：作業場の照度確保",9,11,0,3,False,5,720,120,2800,3000,262,0,0,13,0,169,0,121,0,3100
121,"A-3：素材の高耐久化加工",10,11,0,0,False,6,420,121,560,880,263,0,0,13,0,170,0,122,0,3000
122,"A-3：素材の対衝撃化加工",11,11,0,0,False,6,330,122,560,880,264,0,0,14,0,171,0,123,0,3000
123,"A-1：基地内の家具備品製作",12,11,0,3,False,4,540,123,2300,3000,265,0,0,0,0,172,0,124,0,3200
124,"A-2：続・基地内の家具備品製作",12,11,0,3,False,5,330,124,2500,3000,266,0,0,0,123,173,0,125,0,3100
125,"A-1：性質特化素材の調達",13,11,0,0,False,4,360,125,1000,1600,267,0,0,0,0,174,0,126,0,3200
126,"A-2：続・性質特化素材の調達",13,11,0,0,False,5,300,126,1000,1600,268,0,0,0,125,175,0,127,0,3100
127,"A-3：重要サンプル保管庫の製作",13,11,0,0,False,6,300,127,1000,1600,269,0,0,0,126,176,0,128,0,3000
128,"A-2：宇宙船建造用の素材製作",14,11,0,3,False,5,240,128,850,1000,270,0,0,0,0,177,0,129,0,3100
129,"A-3：宇宙船建造用の素材加工",14,11,0,3,False,6,240,129,900,1000,271,0,0,0,128,178,0,130,0,3000
130,"A-1：高機能ドローンの素材製作",15,11,0,3,False,4,540,130,2300,3000,272,0,0,5,0,179,0,131,0,3200
131,"A-2：続・高機能ドローンの素材製作",15,11,0,3,False,5,300,131,2500,3000,273,0,0,0,130,180,0,132,0,3100
132,"A-3：高機能ドローンの製作",15,11,0,3,False,6,270,132,2700,3000,274,0,0,0,131,181,0,133,0,3000
133,"A-3：特種装備素材の製作",16,11,0,3,False,6,600,133,980,1080,275,0,0,11,0,182,0,134,0,3000
134,"A-3：続・特種装備素材の製作",16,11,0,3,False,6,600,134,980,1080,276,0,0,0,133,183,0,135,0,3000
135,"A-3：特種装備の製作 最終工程",16,11,0,0,False,6,420,135,1000,1080,277,0,0,0,134,184,0,136,0,3000
136," 汎用装甲板の製作",1,12,0,0,False,1,0,136,1200,2400,278,0,0,0,0,185,1,137,0,0
137," 宇宙船用の予備部品製作",14,12,0,0,False,1,0,137,1200,2400,279,0,0,0,0,186,1,138,0,0
138," 合金製作の検証",2,12,0,0,False,1,0,138,1200,2400,280,0,0,0,0,187,1,139,0,0
139," 初級カスタマイズ部品の製作",15,12,0,0,False,1,0,139,1200,2400,281,0,0,0,0,188,1,140,0,0
140," 汎用金属部品の製作",3,12,0,0,False,1,0,140,1200,2400,282,0,0,0,0,189,1,141,0,0
141," 必需品の大量生産",3,12,0,0,False,1,0,141,1200,2400,283,0,0,0,0,190,1,142,0,0
142," 規格厚型装甲板の製作",1,12,0,0,False,2,0,142,1200,2400,284,0,0,0,0,191,1,143,0,0
143," 宇宙船用の動力伝導軸",14,12,0,0,False,2,0,143,1200,2400,285,0,0,0,0,192,1,144,0,0
144," 作業員用研磨道具の調達",4,12,0,3,False,2,0,144,1300,3000,286,0,0,0,0,193,1,145,0,0
145," 規格チェーンの製作",3,12,0,3,False,2,0,145,700,1500,287,0,0,0,0,194,1,146,0,0
146," 眼球保護装備の調達",4,12,0,3,False,2,0,146,1100,2500,288,0,0,0,0,195,1,147,0,0
147," 中級カスタマイズ部品の製作",15,12,0,3,False,2,0,147,1200,2250,289,0,0,0,0,196,1,148,0,0
148," 排熱設備の製作",9,12,0,3,False,2,0,148,700,1500,290,0,0,0,0,197,1,149,0,0
149," ローバー用の部品製作",3,12,0,0,False,3,0,149,1600,2400,291,0,0,0,0,198,1,150,0,0
150," 規格薄型装甲板の製作",1,12,0,0,False,3,0,150,1600,2400,292,0,0,0,0,199,1,151,0,0
151," 作業員用裁縫道具の調達",4,12,0,3,False,3,0,151,1700,2000,293,0,0,0,0,200,1,152,0,0
152," 観測用調度品の製作",6,12,0,3,False,3,0,152,2700,3000,294,0,0,0,0,201,1,153,0,0
153," 屋内用暖炉の製作",9,12,0,0,False,3,0,153,1600,2400,295,0,0,0,0,202,1,154,0,0
154," 居住区用化粧鏡の製作",12,12,0,3,False,3,0,154,2700,3000,296,0,0,0,0,203,1,155,0,0
155," 月面産素材の道具加工依頼",4,12,0,0,False,3,0,155,1000,1300,297,0,0,0,0,204,1,156,0,0
156," 月面産素材の部品加工依頼",7,12,0,0,False,3,0,156,1000,1300,298,0,0,0,0,205,1,157,0,0
157,"A-1：重要施設用装甲板の製作",1,12,0,0,False,4,540,157,1800,2400,299,0,0,0,0,206,0,158,0,4200
158,"A-1：希少素材の加工",2,12,0,3,False,4,540,158,2300,3000,300,0,0,0,0,207,0,159,0,4200
159,"A-1：設備工事の必需品補充",3,12,0,3,False,4,0,159,700,1000,301,0,0,0,0,208,0,160,0,4200
160,"A-1：精密ナイフの調達依頼",4,12,0,3,False,4,240,160,700,1000,302,0,0,0,0,209,0,161,0,4200
161,"A-1：隕鉄素材の加工検証",5,12,0,3,False,4,900,161,2600,3000,303,0,0,0,0,210,0,162,0,4200
162,"A-2：入浴用調度品の再現依頼",6,12,0,3,False,5,330,162,2500,3000,304,0,0,0,0,211,0,163,0,4100
163,"A-2：精密な素材加工",7,12,0,3,False,5,300,163,840,1000,305,0,0,0,0,212,0,164,0,4100
164,"A-2：ムーンゲート基地の備品補充",8,12,0,3,False,5,240,164,840,1000,306,0,0,0,0,213,0,165,0,4100
165,"A-2：作業補助用パワーアームの製作",9,12,0,3,False,5,720,165,2800,3000,307,0,0,14,0,214,0,166,0,4100
166,"A-3：素材の高耐久化加工",10,12,0,0,False,6,420,166,560,880,308,0,0,13,0,215,0,167,0,4000
167,"A-3：素材の対衝撃化加工",11,12,0,0,False,6,330,167,560,880,309,0,0,14,0,216,0,168,0,4000
168,"A-1：基地内の家具備品製作",12,12,0,3,False,4,540,168,2300,3000,310,0,0,0,0,217,0,169,0,4200
169,"A-2：続・基地内の家具備品製作",12,12,0,3,False,5,330,169,2500,3000,311,0,0,0,168,218,0,170,0,4100
170,"A-1：性質特化素材の調達",13,12,0,0,False,4,360,170,1000,1600,312,0,0,0,0,219,0,171,0,4200
171,"A-2：続・性質特化素材の調達",13,12,0,0,False,5,300,171,1000,1600,313,0,0,0,170,220,0,172,0,4100
172,"A-3：自動販売機の製作",13,12,0,0,False,6,300,172,1000,1600,314,0,0,0,171,221,0,173,0,4000
173,"A-2：宇宙船建造用の素材製作",14,12,0,3,False,5,240,173,850,1000,315,0,0,0,0,222,0,174,0,4100
174,"A-3：宇宙船建造用の素材加工",14,12,0,3,False,6,240,174,900,1000,316,0,0,0,173,223,0,175,0,4000
175,"A-1：高機能ドローンの素材製作",15,12,0,3,False,4,540,175,2300,3000,317,0,0,7,0,224,0,176,0,4200
176,"A-2：続・高機能ドローンの素材製作",15,12,0,3,False,5,300,176,2500,3000,318,0,0,0,175,225,0,177,0,4100
177,"A-3：高機能ドローンの製作",15,12,0,3,False,6,270,177,2700,3000,319,0,0,0,176,226,0,178,0,4000
178,"A-3：特種装備素材の製作",16,12,0,3,False,6,600,178,980,1080,320,0,0,1,0,227,0,179,0,4000
179,"A-3：続・特種装備素材の製作",16,12,0,3,False,6,600,179,980,1080,321,0,0,0,178,228,0,180,0,4000
180,"A-3：特種装備の製作 最終工程",16,12,0,0,False,6,420,180,1000,1080,322,0,0,0,179,229,0,181,0,4000
181," 汎用革紐の製作",17,13,0,0,False,1,0,181,1200,2400,323,0,0,0,0,230,1,182,0,0
182," 救急用革布の製作",20,13,0,0,False,1,0,182,1200,2400,324,0,0,0,0,231,1,183,0,0
183," 採集用手防具の製作",22,13,0,0,False,1,0,183,1200,2400,325,0,0,0,0,232,1,184,0,0
184," 研究用必須素材の調達",29,13,0,0,False,1,0,184,1200,2400,326,0,0,0,0,233,1,185,0,0
185," 作業用ポーチの製作",20,13,0,0,False,1,0,185,1200,2400,327,0,0,0,0,234,1,186,0,0
186," 室内用レザーシューズの製作",19,13,0,0,False,1,0,186,1200,2400,328,0,0,0,0,235,1,187,0,0
187," 耐熱性革紐の製作",17,13,0,0,False,2,0,187,1200,2400,329,0,0,0,0,236,1,188,0,0
188," 作業員用大型鞄の製作",20,13,0,0,False,2,0,188,1200,2400,330,0,0,0,0,237,1,189,0,0
189," 作業員用ベルトの製作",26,13,0,3,False,2,0,189,1300,3000,331,0,0,0,0,238,1,190,0,0
190," 高級紙の製作",18,13,0,3,False,2,0,190,700,1500,332,0,0,0,0,239,1,191,0,0
191," シープ型敷物の製作",19,13,0,3,False,2,0,191,1100,2500,333,0,0,0,0,240,1,192,0,0
192," コスモライナー用の基本素材調達",28,13,0,3,False,2,0,192,1200,2250,334,0,0,0,0,241,1,193,0,0
193," 新素材を用いたジャケット製作",22,13,0,3,False,2,0,193,700,1500,335,0,0,0,0,242,1,194,0,0
194," 救急用革袋の製作",20,13,0,0,False,3,0,194,1600,2400,336,0,0,0,0,243,1,195,0,0
195," 抗菌性革紐の製作",17,13,0,0,False,3,0,195,1600,2400,337,0,0,0,0,244,1,196,0,0
196," 高級敷物の製作",19,13,0,3,False,3,0,196,1700,2000,338,0,0,0,0,245,1,197,0,0
197," 資材運搬用レザーの製作",31,13,0,3,False,3,0,197,2700,3000,339,0,0,0,0,246,1,198,0,0
198," 長期保存用紙の製作",18,13,0,0,False,3,0,198,1600,2400,340,0,0,0,0,247,1,199,0,0
199," 休憩用の高級椅子製作",30,13,0,3,False,3,0,199,2700,3000,341,0,0,0,0,248,1,200,0,0
200," 試験素材を用いたグローブ製作",22,13,0,0,False,3,0,200,1000,1300,342,0,0,0,0,249,1,201,0,0
201," 休憩用の高級長椅子製作",24,13,0,0,False,3,0,201,1000,1300,343,0,0,0,0,250,1,202,0,0
202,"A-1：高耐久革紐の製作",17,13,0,0,False,4,540,202,1800,2400,344,0,0,0,0,251,0,203,0,5200
203,"A-1：最高級紙の製作",18,13,0,3,False,4,540,203,2300,3000,345,0,0,0,0,252,0,204,0,5200
204,"A-1：研究用の植物ラグの製作",19,13,0,3,False,4,0,204,700,1000,346,0,0,0,0,253,0,205,0,5200
205,"A-1：保温性の革布製作",20,13,0,3,False,4,240,205,700,1000,347,0,0,0,0,254,0,206,0,5200
206,"A-1：月面植物の加工検証",21,13,0,3,False,4,900,206,2600,3000,348,0,0,0,0,255,0,207,0,5200
207,"A-2：試験用素材の最終加工検証",22,13,0,3,False,5,330,207,2500,3000,349,0,0,0,0,256,0,208,0,5100
208,"A-2：作業用小型ポーチの製作",23,13,0,3,False,5,300,208,840,1000,350,0,0,0,0,257,0,209,0,5100
209,"A-2：高級ソファの製作",24,13,0,3,False,5,240,209,840,1000,351,0,0,0,0,258,0,210,0,5100
210,"A-2：郷土調度品の製作",25,13,0,3,False,5,720,210,2800,3000,352,0,0,13,0,259,0,211,0,5100
211,"A-3：作業用安全靴の製作",26,13,0,0,False,6,420,211,560,880,353,0,0,14,0,260,0,212,0,5000
212,"A-3：採集用作業着の製作",27,13,0,0,False,6,330,212,560,880,354,0,0,13,0,261,0,213,0,5000
213,"A-1：拠点備品の製作",28,13,0,3,False,4,540,213,2300,3000,355,0,0,0,0,262,0,214,0,5200
214,"A-2：続・拠点備品の製作",28,13,0,3,False,5,330,214,2500,3000,356,0,0,0,213,263,0,215,0,5100
215,"A-1：性質特化素材の調達",29,13,0,0,False,4,360,215,1000,1600,357,0,0,0,0,264,0,216,0,5200
216,"A-2：続・性質特化素材の調達",29,13,0,0,False,5,300,216,1000,1600,358,0,0,0,215,265,0,217,0,5100
217,"A-3：研究用大型素材の製作",29,13,0,0,False,6,300,217,1000,1600,359,0,0,0,216,266,0,218,0,5000
218,"A-2：休憩施設用素材の製作",30,13,0,3,False,5,240,218,850,1000,360,0,0,0,0,267,0,219,0,5100
219,"A-3：休憩施設用調度品の製作",30,13,0,3,False,6,240,219,900,1000,361,0,0,0,218,268,0,220,0,5000
220,"A-1：貨物梱包素材の製作",31,13,0,3,False,4,540,220,2300,3000,362,0,0,9,0,269,0,221,0,5200
221,"A-2：続・貨物梱包素材の製作",31,13,0,3,False,5,300,221,2500,3000,363,0,0,0,220,270,0,222,0,5100
222,"A-3：ローバー用貨物梱包材の製作",31,13,0,3,False,6,270,222,2700,3000,364,0,0,0,221,271,0,223,0,5000
223,"A-3：スペーススーツの製作",32,13,0,3,False,6,600,223,980,1080,365,0,0,3,0,272,0,224,0,5000
224,"A-3：続・スペーススーツの製作",32,13,0,3,False,6,600,224,980,1080,366,0,0,0,223,273,0,225,0,5000
225,"A-3：スペーススーツの製作・最終工程",32,13,0,0,False,6,420,225,1000,1080,367,0,0,0,224,274,0,226,0,5000
226," 汎用綿糸の製作",17,14,0,0,False,1,0,226,1200,2400,368,0,0,0,0,275,1,227,0,0
227," 救急用布地の製作",20,14,0,0,False,1,0,227,1200,2400,369,0,0,0,0,276,1,228,0,0
228," 採集用頭防具の製作",22,14,0,0,False,1,0,228,1200,2400,370,0,0,0,0,277,1,229,0,0
229," 研究用必須素材の調達",29,14,0,0,False,1,0,229,1200,2400,371,0,0,0,0,278,1,230,0,0
230," 作業用汎用紐の製作",20,14,0,0,False,1,0,230,1200,2400,372,0,0,0,0,279,1,231,0,0
231," 仕切り用カーテンの製作",19,14,0,0,False,1,0,231,1200,2400,373,0,0,0,0,280,1,232,0,0
232," 耐熱性綿糸の製作",17,14,0,0,False,2,0,232,1200,2400,374,0,0,0,0,281,1,233,0,0
233," 室内用衣類の製作",20,14,0,0,False,2,0,233,1200,2400,375,0,0,0,0,282,1,234,0,0
234," 汎用布巾の補充",26,14,0,3,False,2,0,234,1300,3000,376,0,0,0,0,283,1,235,0,0
235," 複合繊維の製作",18,14,0,3,False,2,0,235,700,1500,377,0,0,0,0,284,1,236,0,0
236," 医療施設用カーテンの製作",19,14,0,3,False,2,0,236,1100,2500,378,0,0,0,0,285,1,237,0,0
237," コスモライナー用基本素材の調達",28,14,0,3,False,2,0,237,1200,2250,379,0,0,0,0,286,1,238,0,0
238," 新素材を用いたトラウザー製作",22,14,0,3,False,2,0,238,700,1500,380,0,0,0,0,287,1,239,0,0
239," 作業用ロープの製作",20,14,0,0,False,3,0,239,1600,2400,381,0,0,0,0,288,1,240,0,0
240," 抗菌性綿糸の製作",17,14,0,0,False,3,0,240,1600,2400,382,0,0,0,0,289,1,241,0,0
241," 高級カーテンの製作",19,14,0,3,False,3,0,241,1700,2000,383,0,0,0,0,290,1,242,0,0
242," 資材運搬用綿布の製作",31,14,0,3,False,3,0,242,2700,3000,384,0,0,0,0,291,1,243,0,0
243," 高耐久複合繊維の製作",18,14,0,0,False,3,0,243,1600,2400,385,0,0,0,0,292,1,244,0,0
244," 休憩用グッズの製作",30,14,0,3,False,3,0,244,2700,3000,386,0,0,0,0,293,1,245,0,0
245," 試験素材を用いたハット製作",22,14,0,0,False,3,0,245,1000,1300,387,0,0,0,0,294,1,246,0,0
246," 休憩用のクッション製作",24,14,0,0,False,3,0,246,1000,1300,388,0,0,0,0,295,1,247,0,0
247,"A-1：高耐久綿糸の製作",17,14,0,0,False,4,540,247,1800,2400,389,0,0,0,0,296,0,248,0,6200
248,"A-1：高級複合繊維の製作",18,14,0,3,False,4,540,248,2300,3000,390,0,0,0,0,297,0,249,0,6200
249,"A-1：寝室用の高級カーテン製作",19,14,0,3,False,4,0,249,700,1000,391,0,0,0,0,298,0,250,0,6200
250,"A-1：救急用の包帯製作",20,14,0,3,False,4,240,250,700,1000,392,0,0,0,0,299,0,251,0,6200
251,"A-1：月面植物の加工検証",21,14,0,3,False,4,900,251,2600,3000,393,0,0,0,0,300,0,252,0,6200
252,"A-2：試験用素材の最終加工検証",22,14,0,3,False,5,330,252,2500,3000,394,0,0,0,0,301,0,253,0,6100
253,"A-2：裁縫用素材の製作",23,14,0,3,False,5,300,253,840,1000,395,0,0,0,0,302,0,254,0,6100
254,"A-2：休憩用クッションセットの製作",24,14,0,3,False,5,240,254,840,1000,396,0,0,0,0,303,0,255,0,6100
255,"A-2：郷土調度品の製作",25,14,0,3,False,5,720,255,2800,3000,397,0,0,14,0,304,0,256,0,6100
256,"A-3：作業用防寒帽の製作",26,14,0,0,False,6,420,256,560,880,398,0,0,14,0,305,0,257,0,6000
257,"A-3：職人用作業着の製作",27,14,0,0,False,6,330,257,560,880,399,0,0,13,0,306,0,258,0,6000
258,"A-1：コスモライナー用素材の製作",28,14,0,3,False,4,540,258,2300,3000,400,0,0,0,0,307,0,259,0,6200
259,"A-2：続・コスモライナー用素材の製作",28,14,0,3,False,5,330,259,2500,3000,401,0,0,0,258,308,0,260,0,6100
260,"A-1：性質特化素材の調達",29,14,0,0,False,4,360,260,1000,1600,402,0,0,0,0,309,0,261,0,6200
261,"A-2：続・性質特化素材の調達",29,14,0,0,False,5,300,261,1000,1600,403,0,0,0,260,310,0,262,0,6100
262,"A-3：研究用大型素材の製作",29,14,0,0,False,6,300,262,1000,1600,404,0,0,0,261,311,0,263,0,6000
263,"A-2：休憩施設用素材の製作",30,14,0,3,False,5,240,263,850,1000,405,0,0,0,0,312,0,264,0,6100
264,"A-3：休憩施設用調度品の製作",30,14,0,3,False,6,240,264,900,1000,406,0,0,0,263,313,0,265,0,6000
265,"A-1：貨物梱包素材の製作",31,14,0,3,False,4,540,265,2300,3000,407,0,0,11,0,314,0,266,0,6200
266,"A-2：続・貨物梱包素材の製作",31,14,0,3,False,5,300,266,2500,3000,408,0,0,0,265,315,0,267,0,6100
267,"A-3：ローバー用貨物梱包材の製作",31,14,0,3,False,6,270,267,2700,3000,409,0,0,0,266,316,0,268,0,6000
268,"A-3：クルースーツの製作",32,14,0,3,False,6,600,268,980,1080,410,0,0,5,0,317,0,269,0,6000
269,"A-3：続・クルースーツの製作",32,14,0,3,False,6,600,269,980,1080,411,0,0,0,268,318,0,270,0,6000
270,"A-3：クルースーツの製作・最終工程",32,14,0,0,False,6,420,270,1000,1080,412,0,0,0,269,319,0,271,0,6000
271," 汎用煉瓦の製作",33,15,0,0,False,1,0,271,1200,2400,413,0,0,0,0,320,1,272,0,0
272," 採集物の調味料加工",40,15,0,0,False,1,0,272,1200,2400,414,0,0,0,0,321,1,273,0,0
273," 建材用接着剤の製作",34,15,0,0,False,1,0,273,1200,2400,415,0,0,0,0,322,1,274,0,0
274," 作業員の栄養補給",35,15,0,0,False,1,0,274,1200,2400,416,0,0,0,0,323,1,275,0,0
275," 水産性接着剤の製作",36,15,0,0,False,1,0,275,1200,2400,417,0,0,0,0,324,1,276,0,0
276," 薬餌製作研究の支援",46,15,0,0,False,1,0,276,1200,2400,418,0,0,0,0,325,1,277,0,0
277," 耐熱性煉瓦の製作",33,15,0,0,False,2,0,277,1200,2400,419,0,0,0,0,326,1,278,0,0
278," 健康飲料の製作",35,15,0,0,False,2,0,278,1200,2400,420,0,0,0,0,327,1,279,0,0
279," 建材用塗料の製作",33,15,0,3,False,2,0,279,1300,3000,421,0,0,0,0,328,1,280,0,0
280," 伝統床材の製作",41,15,0,3,False,2,0,280,700,1500,422,0,0,0,0,329,1,281,0,0
281," 夜間照明用調度品の製作",36,15,0,3,False,2,0,281,1100,2500,423,0,0,0,0,330,1,282,0,0
282," 非常用保存食品の開発",39,15,0,3,False,2,0,282,1200,2250,424,0,0,0,0,331,1,283,0,0
283," 次世代飲料の試験製作",47,15,0,3,False,2,0,283,700,1500,425,0,0,0,0,332,1,284,0,0
284," 月面植物の調味料加工",39,15,0,0,False,3,0,284,1600,2400,426,0,0,0,0,333,1,285,0,0
285," 耐水性煉瓦の製作",33,15,0,0,False,3,0,285,1600,2400,427,0,0,0,0,334,1,286,0,0
286," 研究用薬品の追加補充",43,15,0,3,False,3,0,286,1700,2000,428,0,0,0,0,335,1,287,0,0
287," 錬金薬用聖水の製作",42,15,0,3,False,3,0,287,2700,3000,429,0,0,0,0,336,1,288,0,0
288," 月面素材を用いた床材製作",41,15,0,0,False,3,0,288,1600,2400,430,0,0,0,0,337,1,289,0,0
289," 高品質栄養剤の製作",35,15,0,3,False,3,0,289,2700,3000,431,0,0,0,0,338,1,290,0,0
290," 小型庭園の製作",41,15,0,0,False,3,0,290,1000,1300,432,0,0,0,0,339,1,291,0,0
291," 月面植物を用いた観葉植物製作",40,15,0,0,False,3,0,291,1000,1300,433,0,0,0,0,340,1,292,0,0
292,"A-1：耐水性煉瓦の製作",33,15,0,0,False,4,540,292,1800,2400,434,0,0,0,0,341,0,293,0,7200
293,"A-1：高品質接着材の製作",34,15,0,3,False,4,540,293,2300,3000,435,0,0,0,0,342,0,294,0,7200
294,"A-1：栄養調整剤の製作",35,15,0,3,False,4,0,294,700,1000,436,0,0,0,0,343,0,295,0,7200
295,"A-1：食堂用食器類の製作",37,15,0,3,False,4,240,295,700,1000,437,0,0,0,0,344,0,296,0,7200
296,"A-1：月面水産物の加工検証",38,15,0,3,False,4,900,296,2600,3000,438,0,0,0,0,345,0,297,0,7200
297,"A-2：備蓄用飲料の製作",39,15,0,3,False,5,330,297,2500,3000,439,0,0,0,0,346,0,298,0,7100
298,"A-2：化粧品製作の研究支援",40,15,0,3,False,5,300,298,840,1000,440,0,0,0,0,347,0,299,0,7100
299,"A-2：観葉調度品の再現",41,15,0,3,False,5,240,299,840,1000,441,0,0,0,0,348,0,300,0,7100
300,"A-2：職人用調合薬の製作",42,15,0,3,False,5,720,300,2800,3000,442,0,0,13,0,349,0,301,0,7100
301,"A-3：防錆加工剤の製作",36,15,0,0,False,6,420,301,560,880,443,0,0,13,0,350,0,302,0,7000
302,"A-3：保存用薬品の製作",43,15,0,0,False,6,330,302,560,880,444,0,0,14,0,351,0,303,0,7000
303,"A-1：生薬の研究成果検証",44,15,0,3,False,4,540,303,2300,3000,445,0,0,0,0,352,0,304,0,7200
304,"A-2：続・生薬の研究成果検証",44,15,0,3,False,5,330,304,2500,3000,446,0,0,0,303,353,0,305,0,7100
305,"A-1：レポリット向けの住環境改善試験",45,15,0,0,False,4,360,305,1000,1600,447,0,0,0,0,354,0,306,0,7200
306,"A-2：続・レポリット向けの住環境改善試験",45,15,0,0,False,5,300,306,1000,1600,448,0,0,0,305,355,0,307,0,7100
307,"A-3：レポリット向けの住環境改善",45,15,0,0,False,6,300,307,1000,1600,449,0,0,0,306,356,0,308,0,7000
308,"A-2：養殖用の練餌製作",46,15,0,3,False,5,240,308,850,1000,450,0,0,0,0,357,0,309,0,7100
309,"A-3：続・養殖用の練餌製作",46,15,0,3,False,6,240,309,900,1000,451,0,0,0,308,358,0,310,0,7000
310,"A-1：高栄養価ゼリー飲料素材の製作",47,15,0,3,False,4,540,310,2300,3000,452,0,0,1,0,359,0,311,0,7200
311,"A-2：続・高栄養価ゼリー飲料素材の製作",47,15,0,3,False,5,300,311,2500,3000,453,0,0,0,310,360,0,312,0,7100
312,"A-3：高栄養価ゼリー飲料の製作",47,15,0,3,False,6,270,312,2700,3000,454,0,0,0,311,361,0,313,0,7000
313,"A-3：多色錬金薬の製作",48,15,0,3,False,6,600,313,980,1080,455,0,0,7,0,362,0,314,0,7000
314,"A-3：続・多色錬金薬の製作",48,15,0,3,False,6,600,314,980,1080,456,0,0,0,313,363,0,315,0,7000
315,"A-3：多色錬金薬の製作・最終工程",48,15,0,0,False,6,420,315,1000,1080,457,0,0,0,314,364,0,316,0,7000
316," 汎用潤滑油の製作",33,16,0,0,False,1,0,316,1200,2400,458,0,0,0,0,365,1,317,0,0
317," 採集物の調味料加工",40,16,0,0,False,1,0,317,1200,2400,459,0,0,0,0,366,1,318,0,0
318," 建材用接着剤の製作",34,16,0,0,False,1,0,318,1200,2400,460,0,0,0,0,367,1,319,0,0
319," 水産物の栄養凝縮検証",35,16,0,0,False,1,0,319,1200,2400,461,0,0,0,0,368,1,320,0,0
320," 水産性インクの製作",36,16,0,0,False,1,0,320,1200,2400,462,0,0,0,0,369,1,321,0,0
321," 薬餌製作研究の支援",46,16,0,0,False,1,0,321,1200,2400,463,0,0,0,0,370,1,322,0,0
322," 耐熱性潤滑油の製作",33,16,0,0,False,2,0,322,1200,2400,464,0,0,0,0,371,1,323,0,0
323," 栄養調整食品の製作",35,16,0,0,False,2,0,323,1200,2400,465,0,0,0,0,372,1,324,0,0
324," 建材用塗料の製作",33,16,0,3,False,2,0,324,1300,3000,466,0,0,0,0,373,1,325,0,0
325," 携帯食料の製作",41,16,0,3,False,2,0,325,700,1500,467,0,0,0,0,374,1,326,0,0
326," 高栄養価水産食品の加工",36,16,0,3,False,2,0,326,1100,2500,468,0,0,0,0,375,1,327,0,0
327," 非常用保存食品の開発",39,16,0,3,False,2,0,327,1200,2250,469,0,0,0,0,376,1,328,0,0
328," 必須完全食の再現",47,16,0,3,False,2,0,328,700,1500,470,0,0,0,0,377,1,329,0,0
329," 新型保存食の試験製作",39,16,0,0,False,3,0,329,1600,2400,471,0,0,0,0,378,1,330,0,0
330," 耐水性潤滑油の製作",33,16,0,0,False,3,0,330,1600,2400,472,0,0,0,0,379,1,331,0,0
331," 次世代飲料の試験製作",43,16,0,3,False,3,0,331,1700,2000,473,0,0,0,0,380,1,332,0,0
332," 慰労料理の製作",42,16,0,3,False,3,0,332,2700,3000,474,0,0,0,0,381,1,333,0,0
333," 月面水産物を用いた郷土料理再現",41,16,0,0,False,3,0,333,1600,2400,475,0,0,0,0,382,1,334,0,0
334," 月面採集物の栄養価調整",35,16,0,3,False,3,0,334,2700,3000,476,0,0,0,0,383,1,335,0,0
335," パン工房設立検証",41,16,0,0,False,3,0,335,1000,1300,477,0,0,0,0,384,1,336,0,0
336," キノコの食用加工",40,16,0,0,False,3,0,336,1000,1300,478,0,0,0,0,385,1,337,0,0
337,"A-1：耐水性潤滑油の製作",33,16,0,0,False,4,540,337,1800,2400,479,0,0,0,0,386,0,338,0,8200
338,"A-1：高品質接着材の製作",34,16,0,3,False,4,540,338,2300,3000,480,0,0,0,0,387,0,339,0,8200
339,"A-1：栄養補給飲料の製作",35,16,0,3,False,4,0,339,700,1000,481,0,0,0,0,388,0,340,0,8200
340,"A-1：食堂用食器類の製作",37,16,0,3,False,4,240,340,700,1000,482,0,0,0,0,389,0,341,0,8200
341,"A-1：月面水産物の加工検証",38,16,0,3,False,4,900,341,2600,3000,483,0,0,0,0,390,0,342,0,8200
342,"A-2：新保存食の量産計画",39,16,0,3,False,5,330,342,2500,3000,484,0,0,0,0,391,0,343,0,8100
343,"A-2：シャーレアン料理の再現検証",40,16,0,3,False,5,300,343,840,1000,485,0,0,0,0,392,0,344,0,8100
344,"A-2：屋外向け簡易調理の再現",41,16,0,3,False,5,240,344,840,1000,486,0,0,0,0,393,0,345,0,8100
345,"A-2：携帯栄養剤の製作",42,16,0,3,False,5,720,345,2800,3000,487,0,0,14,0,394,0,346,0,8100
346,"A-3：水産物の燻製加工",36,16,0,0,False,6,420,346,560,880,488,0,0,13,0,395,0,347,0,8000
347,"A-3：動物肉の燻製加工",43,16,0,0,False,6,330,347,560,880,489,0,0,14,0,396,0,348,0,8000
348,"A-1：作業員への炊き出し準備",44,16,0,3,False,4,540,348,2300,3000,490,0,0,0,0,397,0,349,0,8200
349,"A-2：続・作業員への炊き出し準備",44,16,0,3,False,5,330,349,2500,3000,491,0,0,0,348,398,0,350,0,8100
350,"A-1：レポリット向けの食生活改善試験",45,16,0,0,False,4,360,350,1000,1600,492,0,0,0,0,399,0,351,0,8200
351,"A-2：続・レポリット向けの食生活改善試験",45,16,0,0,False,5,300,351,1000,1600,493,0,0,0,350,400,0,352,0,8100
352,"A-3：レポリット向けの食生活改善",45,16,0,0,False,6,300,352,1000,1600,494,0,0,0,351,401,0,353,0,8000
353,"A-2：養殖用の練餌製作",46,16,0,3,False,5,240,353,850,1000,495,0,0,0,0,402,0,354,0,8100
354,"A-3：続・養殖用の練餌製作",46,16,0,3,False,6,240,354,900,1000,496,0,0,0,353,403,0,355,0,8000
355,"A-1：高栄養価食材の製作",47,16,0,3,False,4,540,355,2300,3000,497,0,0,3,0,404,0,356,0,8200
356,"A-2：続・高栄養価食材の製作",47,16,0,3,False,5,300,356,2500,3000,498,0,0,0,355,405,0,357,0,8100
357,"A-3：高栄養価食品の製作",47,16,0,3,False,6,270,357,2700,3000,499,0,0,0,356,406,0,358,0,8000
358,"A-3：完全食の製作",48,16,0,3,False,6,600,358,980,1080,500,0,0,9,0,407,0,359,0,8000
359,"A-3：続・完全食の製作",48,16,0,3,False,6,600,359,980,1080,501,0,0,0,358,408,0,360,0,8000
360,"A-3：完全食の製作・最終工程",48,16,0,0,False,6,420,360,1000,1080,502,0,0,0,359,409,0,361,0,8000
361," 基地周辺の地質調査",54,17,0,0,False,1,180,361,1550,1700,53,0,0,0,0,0,1,0,5220,0
362," 基地北西部の資源調査",60,17,0,0,False,1,180,362,1550,1700,54,0,0,0,0,0,1,0,5220,0
363," 作業基準調査への協力",50,17,0,0,False,1,150,363,420,520,55,0,0,0,0,0,1,0,5220,0
364," 浄水機能試験素材の調達",62,17,0,0,False,1,150,364,420,520,56,0,0,0,0,0,1,0,5220,0
365," 汎用装甲板素材の採集",51,17,0,0,False,1,150,365,1550,1700,57,0,0,0,0,0,1,0,5220,0
366," エアフィルター用素材の採集",63,17,0,0,False,1,150,366,1550,1700,58,0,0,0,0,0,1,0,5220,0
367," 焦がれの入江内周部の地質調査",54,17,0,0,False,2,180,367,1550,1900,59,0,0,0,0,0,1,0,5226,0
368," 加工用金属材の採集",50,17,0,0,False,2,150,368,420,770,60,0,0,0,0,0,1,0,5230,0
369," 厚型装甲板素材の採集",51,17,0,0,False,2,150,369,1550,1900,61,0,0,0,0,0,1,0,5226,0
370," 連続採集技術の試験協力",52,17,0,0,False,2,150,370,850,1050,62,0,0,0,0,0,1,0,5230,0
371," 素材獲得技術の試験協力",53,17,0,0,False,2,150,371,2000,2600,63,0,0,0,0,0,1,0,5230,0
372," 隕鉄材の新採集場調査",60,17,0,0,False,2,150,372,2850,3550,64,0,0,0,0,0,1,0,5226,0
373," 水質フィルター用素材の採集",62,17,0,3,False,2,180,373,120,140,65,0,0,0,0,0,1,0,5226,0
374," 焦がれの入江外周部の地質調査",54,17,0,0,False,3,180,374,1550,1950,66,0,0,0,0,0,1,0,5221,0
375," 耐水・耐熱素材の採集",50,17,0,0,False,3,150,375,420,820,67,0,0,0,0,0,1,0,5221,0
376," 薄型装甲板素材の採集",51,17,0,0,False,3,150,376,1550,1950,68,0,0,0,0,0,1,0,5232,0
377," 月黄銅鉱の連続採集",52,17,0,0,False,3,150,377,850,1050,69,0,0,0,0,0,1,0,5221,0
378," 技術研究計画の発展",53,17,0,0,False,3,150,378,2000,2600,70,0,0,0,0,0,1,0,5232,0
379," エネルギー発生装置用の素材調達",61,17,0,0,False,3,150,379,2850,3550,71,0,0,0,0,0,1,0,5221,0
380," 精密加工用素材の採集",58,17,0,3,False,3,180,380,130,150,72,0,0,0,0,0,1,0,5221,0
381," 補修用の高品質素材",55,17,0,4,False,3,180,381,200,600,73,0,0,0,0,0,1,0,5232,0
382,"A-1：合金加工用素材の採集",49,17,0,0,False,4,180,382,2800,3200,74,0,0,0,0,0,0,0,5221,9200
383,"A-1：窪地地帯の採集作業",50,17,0,0,False,4,180,383,600,900,75,0,0,0,0,0,0,0,5226,9200
384,"A-1：特殊装甲板素材の採集",51,17,0,0,False,4,180,384,3000,3400,76,0,0,0,0,0,0,0,5230,9200
385,"A-1：ムーンクロマイトの連続採集",52,17,0,0,False,4,180,385,2350,2950,77,0,0,0,0,0,0,0,5220,9200
386,"A-1：隕鉄材の獲得技術調査",53,17,0,0,False,4,180,386,4000,5200,78,0,0,0,0,0,0,0,5226,9200
387,"A-2：精密地質調査",54,17,0,0,False,5,180,387,2850,3250,79,0,0,0,0,0,0,0,5226,9100
388,"A-2：錬金薬用精選材の抽出",55,17,0,4,False,5,180,388,1750,1950,80,0,0,0,0,0,0,0,5220,9100
389,"A-2：焦がれの入江南西部の資源量調査",56,17,0,3,False,5,300,389,1160,1680,81,0,0,0,0,0,0,0,5223,9100
390,"A-2：ルナ・ネイディアの精密調査",57,17,0,3,False,5,180,390,900,1100,82,0,0,14,0,0,0,0,5234,9100
391,"A-3：希少素材の回収",58,17,0,4,False,6,300,391,900,1300,83,0,0,13,0,0,0,0,5221,9000
392,"A-3：加工補助素材の採集",59,17,0,3,False,6,300,392,1310,1680,84,0,0,14,0,0,0,0,5230,9000
393,"A-1：基地周辺の新資源調査",60,17,0,0,False,4,180,393,2800,3200,85,0,0,0,0,0,0,0,5220,9200
394,"A-2：基地周辺の新資源調査",60,17,0,0,False,5,180,394,2350,2950,86,0,0,0,393,0,0,0,5226,9100
395,"A-1：高エネルギー発生装置用素材の調達",61,17,0,0,False,4,180,395,600,900,87,0,0,0,0,0,0,0,5230,9200
396,"A-2：高エネルギー発生装置用素材の調達",61,17,0,0,False,5,180,396,4200,5400,88,0,0,0,395,0,0,0,5221,9100
397,"A-3：高エネルギー発生装置用素材の調達",61,17,0,3,False,6,180,397,900,1200,89,0,0,0,396,0,0,0,5232,9000
398,"A-2：精密水質フィルター用素材の採集",62,17,0,0,False,5,180,398,3000,3400,90,0,0,0,0,0,0,0,5226,9100
399,"A-3：精密水質フィルター用素材の採集",62,17,0,4,False,6,180,399,1750,2100,91,0,0,0,398,0,0,0,5234,9000
400,"A-1：精密エアフィルター用素材の採集",63,17,0,0,False,4,180,400,3000,3400,92,0,0,2,0,0,0,0,5220,9200
401,"A-3：精密エアフィルター用素材の採集",63,17,0,0,False,6,180,401,7000,7950,93,0,0,0,402,0,0,0,5234,9100
402,"A-2：精密エアフィルター用素材の採集",63,17,0,3,False,5,180,402,900,1100,94,0,0,0,400,0,0,0,5223,9000
403,"A-3：伝承録級素材の採集調査",64,17,0,4,False,6,300,403,900,1300,95,0,0,8,0,0,0,0,5223,9000
404,"A-3：伝承録級素材の採集調査 II",64,17,0,3,False,6,300,404,1330,1730,96,0,0,0,403,0,0,0,5223,9000
405,"A-3：伝承録級素材の採集調査 III",64,17,0,4,False,6,180,405,1800,2250,97,0,0,0,404,0,0,0,5223,9000
406," 基地周辺の地質調査",54,18,0,0,False,1,180,406,1550,1700,98,0,0,0,0,0,1,0,5220,0
407," 基地東部の資源調査",60,18,0,0,False,1,180,407,1550,1700,99,0,0,0,0,0,1,0,5220,0
408," 作業基準調査への協力",50,18,0,0,False,1,150,408,420,520,100,0,0,0,0,0,1,0,5220,0
409," 浄水機能試験素材の調達",62,18,0,0,False,1,150,409,420,520,101,0,0,0,0,0,1,0,5220,0
410," 汎用繊維板素材の採集",51,18,0,0,False,1,150,410,1550,1700,102,0,0,0,0,0,1,0,5220,0
411," エアフィルター用素材の採集",63,18,0,0,False,1,150,411,1550,1700,103,0,0,0,0,0,1,0,5220,0
412," 焦がれの入江内周部の地質調査",54,18,0,0,False,2,180,412,1550,1900,104,0,0,0,0,0,1,0,5227,0
413," 加工用繊維の採集",50,18,0,0,False,2,150,413,420,770,105,0,0,0,0,0,1,0,5220,0
414," 薄型繊維板素材の採集",51,18,0,0,False,2,150,414,1550,1900,106,0,0,0,0,0,1,0,5227,0
415," 連続採集技術の試験協力",52,18,0,0,False,2,150,415,850,1050,107,0,0,0,0,0,1,0,5220,0
416," 素材獲得技術の試験協力",53,18,0,0,False,2,150,416,2000,2600,108,0,0,0,0,0,1,0,5220,0
417," 枝材の新採集場調査",60,18,0,0,False,2,150,417,2850,3550,109,0,0,0,0,0,1,0,5227,0
418," 水質フィルター用素材の採集",62,18,0,3,False,2,180,418,120,140,110,0,0,0,0,0,1,0,5227,0
419," 焦がれの入江外周部の地質調査",54,18,0,0,False,3,180,419,1550,1950,111,0,0,0,0,0,1,0,5222,0
420," 断熱素材の採集",50,18,0,0,False,3,150,420,420,820,112,0,0,0,0,0,1,0,5222,0
421," 厚型繊維板素材の採集",51,18,0,0,False,3,150,421,1550,1950,113,0,0,0,0,0,1,0,5222,0
422," 青繊維材の連続採集",52,18,0,0,False,3,150,422,850,1050,114,0,0,0,0,0,1,0,5222,0
423," 技術研究計画の発展",53,18,0,0,False,3,150,423,2000,2600,115,0,0,0,0,0,1,0,5222,0
424," エネルギー発生装置用の素材調達",61,18,0,0,False,3,150,424,2850,3550,116,0,0,0,0,0,1,0,5222,0
425," 精密加工用素材の採集",58,18,0,3,False,3,180,425,130,150,117,0,0,0,0,0,1,0,5222,0
426," 補修用の高品質素材",55,18,0,4,False,3,180,426,200,600,118,0,0,0,0,0,1,0,5222,0
427,"A-1：新型なめし材の採集",49,18,0,0,False,4,180,427,2800,3200,119,0,0,0,0,0,0,0,5222,10200
428,"A-1：植生実験地帯の採集作業",50,18,0,0,False,4,180,428,600,900,120,0,0,0,0,0,0,0,5227,10200
429,"A-1：繊維板素材の採集",51,18,0,0,False,4,180,429,3000,3400,121,0,0,0,0,0,0,0,5220,10200
430,"A-1：月面菌類の連続採集",52,18,0,0,False,4,180,430,2350,2950,122,0,0,0,0,0,0,0,5220,10200
431,"A-1：繊維材の獲得技術調査",53,18,0,0,False,4,180,431,4000,5200,123,0,0,0,0,0,0,0,5227,10200
432,"A-2：精密地質調査",54,18,0,0,False,5,180,432,2850,3250,124,0,0,0,0,0,0,0,5227,10100
433,"A-2：錬金薬用精選材の抽出",55,18,0,4,False,5,180,433,1750,1950,125,0,0,0,0,0,0,0,5220,10100
434,"A-2：焦がれの入江南西部の資源量調査",56,18,0,3,False,5,300,434,1160,1680,126,0,0,0,0,0,0,0,5233,10100
435,"A-2：ルナ・ネイディアの精密調査",57,18,0,3,False,5,180,435,900,1100,127,0,0,13,0,0,0,0,5236,10100
436,"A-3：希少素材の回収",58,18,0,4,False,6,300,436,900,1300,128,0,0,14,0,0,0,0,5222,10000
437,"A-3：加工補助素材の採集",59,18,0,3,False,6,300,437,1310,1680,129,0,0,13,0,0,0,0,5220,10000
438,"A-1：基地周辺の新資源調査",60,18,0,0,False,4,180,438,2800,3200,130,0,0,0,0,0,0,0,5227,10200
439,"A-2：基地周辺の新資源調査",60,18,0,0,False,5,180,439,2350,2950,131,0,0,0,438,0,0,0,5220,10100
440,"A-1：高エネルギー発生装置用素材の調達",61,18,0,0,False,4,180,440,600,900,132,0,0,0,0,0,0,0,5220,10200
441,"A-2：高エネルギー発生装置用素材の調達",61,18,0,0,False,5,180,441,4200,5400,133,0,0,0,440,0,0,0,5222,10100
442,"A-3：高エネルギー発生装置用素材の調達",61,18,0,3,False,6,180,442,900,1200,134,0,0,0,441,0,0,0,5222,10000
443,"A-2：精密水質フィルター用素材の採集",62,18,0,0,False,5,180,443,3000,3400,135,0,0,0,0,0,0,0,5220,10100
444,"A-3：精密水質フィルター用素材の採集",62,18,0,4,False,6,180,444,1750,2100,136,0,0,0,443,0,0,0,5236,10000
445,"A-1：精密エアフィルター用素材の採集",63,18,0,0,False,4,180,445,3000,3400,137,0,0,6,0,0,0,0,5227,10200
446,"A-3：精密エアフィルター用素材の採集",63,18,0,0,False,6,180,446,7000,7950,138,0,0,0,447,0,0,0,5236,10100
447,"A-2：精密エアフィルター用素材の採集",63,18,0,3,False,5,180,447,900,1100,139,0,0,0,445,0,0,0,5233,10000
448,"A-3：伝承録級素材の採集調査",64,18,0,4,False,6,300,448,900,1300,140,0,0,12,0,0,0,0,5233,10000
449,"A-3：伝承録級素材の採集調査 II",64,18,0,3,False,6,300,449,1330,1730,141,0,0,0,448,0,0,0,5233,10000
450,"A-3：伝承録級素材の採集調査 III",64,18,0,4,False,6,180,450,1800,2250,142,0,0,0,449,0,0,0,5233,10000
451," 昼食用食材の緊急依頼",67,19,0,0,False,1,180,451,500,700,8,0,0,0,0,5,1,0,5206,0
452," 大型水産物の獲得調査",69,19,0,0,False,1,180,452,630,1280,9,0,0,0,0,6,1,0,5207,0
453," 基地西の水質調査協力",65,19,0,0,False,1,360,453,700,900,10,0,0,0,0,7,1,0,5208,0
454," 水産食料備蓄の調達",73,19,0,0,False,1,300,454,1300,1500,11,0,0,0,0,8,1,0,5209,0
455," 貯涙池の生態調査",66,19,0,0,False,1,240,455,1000,1200,12,0,0,0,0,9,1,0,5206,0
456," 錬金薬用素材の大量調達",71,19,0,0,False,1,180,456,5200,5500,13,0,0,0,0,10,1,0,5207,0
457," 巨大魚獲得調査",69,19,0,0,False,2,180,457,2040,3690,14,0,0,0,0,11,1,0,5209,0
458," 同種サンプルによる環境調査",65,19,0,0,False,2,450,458,1500,1900,15,0,0,0,0,12,1,0,5206,0
459," 偏光塗料用の水産物調達",73,19,0,0,False,2,300,459,1500,2000,16,0,0,0,0,13,1,0,5208,0
460," 基地南東水溜まりの生態調査",68,19,0,0,False,2,360,460,3000,4000,17,0,0,0,0,14,1,0,5209,0
461," 魚醤用素材の大量調達",71,19,0,0,False,2,360,461,31000,37000,18,0,0,0,0,15,1,0,5206,0
462," 水産物サンプルへの品質協力",74,19,0,3,False,2,360,462,300,1000,19,0,0,0,0,16,1,0,5208,0
463," 基地北西の水質調査協力",66,19,0,0,False,2,600,463,500,1000,20,0,0,0,0,17,1,0,5207,0
464," ホローハーバーの水質調査協力",65,19,0,0,False,3,300,464,600,1100,21,0,0,0,0,18,1,0,5210,0
465," 保存食用水産物の調達",73,19,0,0,False,3,300,465,3500,3700,22,0,0,0,0,19,1,0,5206,0
466," ホローハーバーの生態調査",68,19,0,0,False,3,300,466,4000,5000,23,0,0,0,0,20,1,0,5210,0
467," 最大個体に関する生態調査",72,19,0,0,False,3,300,467,5540,6280,24,0,0,0,0,21,1,0,5207,0
468," 加工用魔泉生物の調達",74,19,0,11,False,3,330,468,3800,4500,25,0,0,0,0,22,1,0,5211,0
469," ホッププリント・ウェストの生態調査",66,19,0,0,False,3,400,469,1500,2100,26,0,0,0,0,23,1,0,5208,0
470," 晩餐用食材の緊急調達",67,19,0,0,False,3,360,470,700,1100,27,0,0,0,0,24,1,0,5209,0
471," 錬金薬用水産物の採集",71,19,0,10,False,3,360,471,44000,50000,28,0,0,0,0,25,1,0,5211,0
472,"A-1：ホッププリント・ノースの生態調査",65,19,0,0,False,4,420,472,2000,2300,29,0,0,0,0,26,0,0,5207,11200
473,"A-1：希少水産物の獲得調査",70,19,0,3,False,4,300,473,3000,3500,30,0,0,0,0,27,0,0,5208,11200
474,"A-1：水産食材の緊急調達",67,19,0,0,False,4,360,474,300,450,31,0,0,0,0,28,0,0,5210,11200
475,"A-1：精密水質調査",73,19,0,10,False,4,300,475,7200,7700,32,0,0,0,0,29,0,0,5211,11200
476,"A-1：精密加工用水産物の採集",74,19,0,3,False,4,300,476,10000,15000,33,0,0,0,0,30,0,0,5210,11200
477,"A-2：大型水産物の獲得調査",69,19,0,0,False,5,300,477,10240,10260,34,0,0,0,0,31,0,0,5206,11100
478,"A-2：錬金薬用素材の大量調達",71,19,0,0,False,5,180,478,34000,36000,35,0,0,0,0,32,0,0,5209,11100
479,"A-2：月底の魔滝での試験技術協力",70,19,0,11,False,5,300,479,2250,2650,36,0,0,0,0,33,0,0,5214,11100
480,"A-2：水産食材の緊急調達",67,19,0,10,False,5,300,480,300,500,37,0,0,14,0,34,0,0,5212,11100
481,"A-3：パルス・アーセニキの生態調査",65,19,0,10,False,6,300,481,1600,2000,38,0,0,13,0,35,0,0,5211,11000
482,"A-3：大型水産物の獲得調査",69,19,0,0,False,6,240,482,8500,8550,39,0,0,14,0,36,0,0,5210,11000
483,"A-1：水場の多様性検証",75,19,0,10,False,4,480,483,5000,6000,40,0,0,0,0,37,0,0,5211,11200
484,"A-2：水場の多様性検証",75,19,0,0,False,5,540,484,2100,3100,41,0,0,0,483,38,0,0,5209,11100
485,"A-1：精密水質フィルター用素材の採集",76,19,0,0,False,4,180,485,6500,6540,42,0,0,0,0,39,0,0,5208,11200
486,"A-2：精密水質フィルター用素材の採集",76,19,0,0,False,5,300,486,900,1200,43,0,0,0,485,40,0,0,5206,11100
487,"A-3：精密水質フィルター用素材の採集",76,19,0,0,False,6,270,487,9600,12300,44,0,0,0,486,41,0,0,5210,11000
488,"A-2：共存種についての生態調査",77,19,0,0,False,5,300,488,12200,12900,45,0,0,0,0,42,0,0,5207,11100
489,"A-3：共存種についての生態調査",77,19,0,11,False,6,300,489,3050,3450,46,0,0,0,488,43,0,0,5212,11000
490,"A-1：魔泉環境のサンプル採集",78,19,0,10,False,4,300,490,4830,9240,47,0,0,4,0,44,0,0,5211,11200
491,"A-2：魔泉環境のサンプル採集",78,19,0,10,False,5,480,491,5000,6000,48,0,0,0,490,45,0,0,5213,11100
492,"A-3：魔泉環境のサンプル採集",78,19,0,10,False,6,300,492,11640,23140,49,0,0,0,491,46,0,0,5214,11000
493,"A-3：未確認水棲生物の存在調査",79,19,0,10,False,6,240,493,300,800,50,0,0,10,0,47,0,0,5214,11000
494,"A-3：未確認水棲生物の存在調査 II",79,19,0,10,False,6,510,494,1600,2300,51,0,0,0,493,48,0,0,5211,11000
495,"A-3：未確認水棲生物の存在調査 III",79,19,0,10,False,6,480,495,8000,20000,52,0,0,0,494,49,0,0,5213,11000
496,"A-2：水産物研究用コンテナの増産",81,17,9,0,False,5,600,496,1800,2700,503,0,0,0,0,458,0,362,5230,20100
497,"A-2：耐衝撃コンテナの製作",81,17,11,0,False,5,600,497,1800,2700,504,0,0,0,0,459,0,363,5220,20100
498,"A-2：癒しの母星の香炉",83,17,12,0,False,5,600,498,1800,2700,505,0,0,0,0,460,0,364,5221,20100
499,"A-3：岩盤採掘機で活路を開け",82,17,10,0,False,6,600,499,1800,2700,506,0,0,13,0,461,0,365,5220,20000
500,"A-3：月面素材のなめし革",84,17,13,0,False,6,600,500,1800,2700,507,0,0,14,0,462,0,366,5226,20000
501,"A-3：床をつるぴか高級タイルに",83,17,14,0,False,6,600,501,1800,2700,508,0,0,13,0,463,0,367,5232,20000
502,"A-2：なめし材の現地調達",84,18,13,0,False,5,600,502,1800,2700,509,0,0,0,0,464,0,368,5220,20100
503,"A-2：特異な菌糸の加工",84,18,14,0,False,5,600,503,1800,2700,510,0,0,0,0,465,0,369,5222,20100
504,"A-2：鮮度を保った食品加工",86,18,16,0,False,5,600,504,1800,2700,511,0,0,0,0,466,0,370,5220,20100
505,"A-3：月面素材の採集道具利用",82,18,9,0,False,6,600,505,1800,2700,512,0,0,14,0,467,0,371,5227,20000
506,"A-3：高火力炉の製造",82,18,11,0,False,6,600,506,1800,2700,513,0,0,13,0,468,0,372,5222,20000
507,"A-3：部屋でもキノコのぬくもりを",83,18,15,0,False,6,600,507,1800,2700,514,0,0,14,0,469,0,373,5220,20000
508,"A-2：水産金属のインゴット化加工",85,19,10,0,False,5,630,508,1800,2700,515,0,0,0,0,454,0,374,5209,20100
509,"A-2：改良版ムーンゲルの製作",85,19,15,0,False,5,630,509,1800,2700,516,0,0,0,0,455,0,375,5208,20100
510,"A-3：クリスタルのような宝石",85,19,12,10,False,6,630,510,1800,2700,517,0,0,13,0,456,0,376,5211,20000
511,"A-3：ウナギレーションの製作",86,19,16,0,False,6,630,511,1800,2700,518,0,0,14,0,457,0,377,5210,20000
512," 作業用足場の製作",87,9,0,0,True,1,1200,512,0,0,519,520,0,0,0,414,1,378,5223,24000
513," 燃焼促進材の製作",95,9,0,0,True,1,1200,513,0,0,521,522,0,0,0,415,1,379,5222,24000
514," 新型菌糸建材の製作",98,9,0,0,True,1,1200,514,0,0,523,524,0,0,0,416,1,380,5222,24500
515," 隕石掘削用ドリルの製作",91,10,0,0,True,1,1200,515,0,0,525,526,0,0,0,419,1,383,5220,24000
516," 吸引機マズルの製作",93,10,0,0,True,1,1200,516,0,0,529,530,0,0,0,423,1,387,5224,24000
517," 火炎放射器部品の製作",97,10,0,0,True,1,1200,517,0,0,527,528,0,0,0,420,1,384,5222,24000
518," 吸引機の予備タンクの製作",89,11,0,0,True,1,1200,518,0,0,531,532,0,0,0,424,1,388,5220,24000
519," ローバー補修用板金の製作",92,11,0,0,True,1,1200,519,0,0,533,534,0,0,0,426,1,390,5220,24500
520," ガスタンクの製作",93,11,0,0,True,1,1200,520,0,0,535,536,0,0,0,428,1,392,5224,24000
521," 照明修理用具の製作",87,12,0,0,True,1,1200,521,0,0,537,538,0,0,0,429,1,393,5223,24000
522," 吸引機の精密部品の製作",89,12,0,0,True,1,1200,522,0,0,541,542,0,0,0,432,1,396,5220,24000
523," ローバー補修用部材の製作",92,12,0,0,True,1,1200,523,0,0,539,540,0,0,0,430,1,394,5220,24500
524," 切削作業用グローブの製作",91,13,0,0,True,1,1200,524,0,0,543,544,0,0,0,434,1,398,5220,24000
525," 防護ガスマスクの製作",93,13,0,0,True,1,1200,525,0,0,545,546,0,0,0,436,1,400,5224,24000
526," 作業用耐火ブーツの製作",95,13,0,0,True,1,1200,526,0,0,547,548,0,0,0,437,1,401,5222,24000
527," 整備用布材の製作",87,14,0,0,True,1,1200,527,0,0,551,552,0,0,0,440,1,404,5223,24000
528," 作業用耐火布の製作",95,14,0,0,True,1,1200,528,0,0,553,554,0,0,0,441,1,405,5222,24000
529," 新型菌糸布材の製作",98,14,0,0,True,1,1200,529,0,0,549,550,0,0,0,439,1,403,5222,24500
530," 特殊保護剤の製作",89,15,0,0,True,1,1200,530,0,0,555,556,0,0,0,444,1,408,5220,24000
531," 中毒緩和剤の製作",94,15,0,0,True,1,1200,531,0,0,559,560,0,0,0,448,1,412,5224,24500
532," 火炎放射器燃料の製作",97,15,0,0,True,1,1200,532,0,0,557,558,0,0,0,447,1,411,5222,24000
533," 保存食の製作",88,16,0,0,True,1,1200,533,0,0,561,562,0,0,0,449,1,413,5220,24500
534," 栄養補助ゼリーの製作",94,16,0,0,True,1,1200,534,0,0,563,564,0,0,0,450,1,414,5224,24500
535," 異常菌床の成分調査",96,16,0,0,True,1,1200,535,0,0,565,566,0,0,0,451,1,415,5220,24500
536," 絶縁資材の調達",88,17,0,0,True,1,1200,536,0,0,567,568,0,0,0,0,1,0,5220,24500
537," 墜落したドローンの捜索",90,17,0,0,True,1,1200,537,0,0,569,570,0,0,0,0,1,0,5220,24500
538," 稀少隕鉄の回収",91,17,0,0,True,1,1200,538,0,0,571,572,0,0,0,0,1,0,5220,24000
539," 薬剤用菌核の調達",94,18,0,0,True,1,1200,539,0,0,577,578,0,0,0,0,1,0,5224,24500
540," 胞子霧の植生影響調査",96,18,0,0,True,1,1200,540,0,0,575,576,0,0,0,0,1,0,5220,24500
541," 有用菌類の採集",98,18,0,0,True,1,1200,541,0,0,573,574,0,0,0,0,1,0,5222,24500
542," 食用魚の調達",88,19,0,0,True,1,1200,542,0,0,579,580,0,0,0,411,1,0,5208,24500
543," 水没したドローンの捜索",90,19,0,0,True,1,1200,543,0,0,581,582,0,0,0,410,1,0,5207,24500
544," 変異した魚の捕獲",96,19,0,0,True,1,1200,544,0,0,583,584,0,0,0,413,1,0,5206,24500
